nro_proveedor,nombre_proveedor,cuit,categoria_proveedor,tipo_contribuyente_id,contacto,correo,telefono,importe,fecha,nro_cuenta_id,ciudad,pais
D00011,Javier López S.A.,30-65432198-7,AGENTE /IMPOSITIVO,4,Javier López,javier.lopez@correo.zom,1234-5678,117.106,2024-06-04,38,,Argentina
D00030,Constructora Beta S.R.L.,30-32165499-3,SERVICIOS,5,Ricardo Martínez,ricardo.martinez@empresa.zom,0123-4567,23.335,2024-01-07,21,,Argentina
D00037,Distribuciones AB S.A.,30-97531245-9,MATERIALES,5,Gabriela Ruiz,gabriela.ruiz@correo.com,7890-1234,75.33,2024-03-08,24,,Argentina
D00048,Estudio Jurídico Beta S.R.L.,,MATERIALES,4,Estudio Jurídico,estudio.juridico@correo.zom,8901-2345,204.368,2024-04-19,21,,Argentina
D00053,Estudio Jurídico Zeta S.A.,30-12345678-5,SERVICIOS,5,Estudio Jurídico,estudio.zeta@correo.com,3456-7890,164.873,2024-01-03,19,,Argentina
D00055,Servicios Alpha S.A.,30-24681360-6,SERVICIOS,5,Servicios Alpha,servicios.alpha@correo.zom,5678-9012,55.617,2024-03-15,24,,Argentina
P00001,Proveedora S.A.,30-12345678-9,SERVICIOS,5,Juan Pérez,juan.perez@empresa.com,1234-5678,189.954,2024-03-18,19,Buenos Aires,Argentina
P00002,Pedro González S.R.L.,30-87654321-0,SERVICIOS,4,Pedro González,pedro.gonzalez@correo.zom,2345-6789,18.521,2024-02-08,21,Cordoba,Argentina
P00003,Empresa XYZ S.A.,30-13579246-3,MATERIALES,5,María López,maria.lopez@empresa.com,3456-7890,139.687,2024-01-18,24,Rosario,Argentina
P00004,Servicios AB S.R.L.,30-24681357-2,AGENTE /IMPOSITIVO,5,Laura Ruiz,laura.ruiz@correo.zom,AR4567-8901,72.357,2024-03-09,27,Mendoza,Argentina
P00005,Carlos Méndez S.A.,30123456789,SERVICIOS,4,Carlos Méndez,carlos.mendez@correo.com,5678-9012,173.227,2024-03-28,36,Buenos Aires,Argentina
P00005,Carlos Méndez S.A.,30123456789,SERVICIOS,4,Carlos Méndez,carlos.mendez@correo.com,5678-9012,30.808,2024-04-14,38,Buenos Aires,Argentina
P00006,Grupo Alfa S.R.L.,30-97531246-1,SERVICIOS,5,Alberto Fernández,alberto.fernandez@empresa.zom,6789-0123,150.678,2024-01-09,19,San Miguel de Tucumán,Argentina
P00007,Ana Sánchez S.A.,30-19283746-4,SERVICIOS,5,Ana Sánchez,ana.sanchez@correo.com,7890-1234,101.603,2024-05-06,21,Mar del Plata,Argentina
P00008,Compañía Beta S.R.L.,30-74859632-7,AGENTE /IMPOSITIVO,4,Laura Martínez,laura.martinez@empresa.zom,8901-2345,58.428,2024-06-12,24,La Plata,Argentina
P00008,Compañía Beta S.R.L.,30-74859632-7,AGENTE /IMPOSITIVO,4,Laura Martínez,laura.martinez@empresa.zom,8901-2345,283.772,2024-01-21,24,La Plata,Argentina
P00009,Fernando Gómez S.A.,30-12345679-8,MATERIALES,5,Fernando Gómez,fernando.gomez@correo.zom,9012-3456,98.854,2024-01-20,27,Mendoza,Argentina
P00009,Fernando Gómez S.A.,30-12345679-8,MATERIALES,5,Fernando Gómez,fernando.gomez@correo.zom,9012-3456,155.351,2024-03-06,27,Mendoza,Argentina
P00010,Soluciones Gama S.R.L.,30-98765432-1,SERVICIOS,5,Javier Martínez,javier.martinez@empresa.com,0123-4567,28.033,2024-01-28,36,Mar del Plata,Argentina
P00010,Soluciones Gama S.R.L.,30-98765432-1,SERVICIOS,5,Javier Martínez,javier.martinez@empresa.com,0123-4567,242.014,2024-05-02,36,Mar del Plata,Argentina
P00012,Proveedor Ltda. S.R.L.,30-32165487-0,SERVICIOS,5,Natalia Gómez,natalia.gomez@empresa.com,2345-6789,29.11,2024-04-09,19,Salta,Argentina
P00012,Proveedor Ltda. S.R.L.,30-32165487-0,SERVICIOS,5,Natalia Gómez,natalia.gomez@empresa.com,2345-6789,128.252,2024-06-03,19,Salta,Argentina
P00013,Repuestos Omega S.A.,30-45678901-2,SERVICIOS,4,Sergio Castro,sergio.castro@correo.zom,3456-7890,165.07,2024-04-14,21,Santa Fe,Argentina
P00013,Repuestos Omega S.A.,30-45678901-2,SERVICIOS,4,Sergio Castro,sergio.castro@correo.zom,3456-7890,168.452,2024-02-01,21,Santa Fe,Argentina
P00014,Estudio Jurídico Alfa S.R.L.,30-13579248-7,MATERIALES,5,María Hernández,maria.hernandez@correo.com,4567-8901,78.723,2024-01-15,24,San Juan,Argentina
P00014,Estudio Jurídico Alfa S.R.L.,30-13579248-7,MATERIALES,5,María Hernández,maria.hernandez@correo.com,4567-8901,248.954,2024-06-19,24,San Juan,Argentina
P00015,Rosa Pérez S.A.,30-24681358-6,AGENTE /IMPOSITIVO,5,Rosa Pérez,rosa.perez@correo.zom,5678-9012,115.62,2024-05-24,27,Buenos Aires,Argentina
P00015,Rosa Pérez S.A.,30-24681358-6,AGENTE /IMPOSITIVO,5,Rosa Pérez,rosa.perez@correo.zom,5678-9012,234.322,2024-05-19,27,Buenos Aires,Argentina
P00016,Marketing Global S.R.L.,30-97531247-8,SERVICIOS,5,Gabriela Gómez,gabriela.gomez@empresa.com,AR6789-0123,234.752,2024-04-09,36,Neuquén,Argentina
P00016,Marketing Global S.R.L.,30-97531247-8,SERVICIOS,5,Gabriela Gómez,gabriela.gomez@empresa.com,AR6789-0123,158.655,2024-04-10,36,Neuquén,Argentina
P00017,Julio Fernández S.A.,30-86430976-9,MATERIALES,4,Julio Fernández,julio.fernandez@correo.zom,7890-1234,121.086,2024-05-01,38,Rio Gallegos,Argentina
P00017,Julio Fernández S.A.,30-86430976-9,MATERIALES,4,Julio Fernández,julio.fernandez@correo.zom,7890-1234,252.04,2024-03-05,38,Rio Gallegos,Argentina
P00018,Consultora Zeta S.R.L.,30-19283747-0,SERVICIOS,5,Laura Sánchez,laura.sanchez@empresa.zom,8901-2345,62.378,2024-01-03,19,San Rafael,Argentina
P00018,Consultora Zeta S.R.L.,30-19283747-0,SERVICIOS,5,Laura Sánchez,laura.sanchez@empresa.zom,8901-2345,299.795,2024-02-04,19,San Rafael,Argentina
P00019,Ana López S.A.,30-32165498-1,SERVICIOS,5,Ana López,ana.lopez@correo.com,9012-3456,128.838,2024-04-06,21,,Argentina
P00019,Ana López S.A.,30-32165498-1,SERVICIOS,5,Ana López,ana.lopez@correo.com,9012-3456,207.617,2024-05-17,21,,Argentina
P00020,Juegos del Norte S.R.L.,30-45678902-3,MATERIALES,5,Pablo Fernández,pablo.fernandez@empresa.zom,0123-4567,122.127,2024-03-17,24,,Argentina
P00020,Juegos del Norte S.R.L.,30-45678902-3,MATERIALES,5,Pablo Fernández,pablo.fernandez@empresa.zom,0123-4567,292.966,2024-04-15,24,,Argentina
P00021,Distribuciones ABC S.A.,30-65432199-4,SERVICIOS,4,Francisco Gómez,francisco.gomez@correo.zom,1234-5678,122.88,2024-05-06,27,,Argentina
P00021,Distribuciones ABC S.A.,30-65432199-4,SERVICIOS,4,Francisco Gómez,francisco.gomez@correo.zom,1234-5678,270.035,2024-03-28,27,,Argentina
P00022,Roberto Morales S.R.L.,30-98765431-5,AGENTE /IMPOSITIVO,5,Roberto Morales,roberto.morales@correo.com,2345-6789,229.012,2024-06-10,38,,Argentina
P00022,Roberto Morales S.R.L.,30-98765431-5,AGENTE /IMPOSITIVO,5,Roberto Morales,roberto.morales@correo.com,2345-6789,165.406,2024-02-27,36,,Argentina
P00022,Roberto Morales S.R.L.,30-98765431-5,AGENTE /IMPOSITIVO,5,Roberto Morales,roberto.morales@correo.com,2345-6789,174.615,2024-03-14,38,,Argentina
P00022,Roberto Morales S.R.L.,30-98765431-5,AGENTE /IMPOSITIVO,5,Roberto Morales,roberto.morales@correo.com,2345-6789,214.016,2024-01-18,36,,Argentina
P00023,Inversiones Sigma S.A.,30-12345670-6,SERVICIOS,5,Carlos Jiménez,carlos.jimenez@empresa.com,3456-7890,128.799,2024-01-12,19,,Argentina
P00023,Inversiones Sigma S.A.,30-12345670-6,SERVICIOS,5,Carlos Jiménez,carlos.jimenez@empresa.com,3456-7890,197.818,2024-02-29,19,,Argentina
P00024,Mariana Rodríguez S.R.L.,30-87654330-7,SERVICIOS,4,Mariana Rodríguez,mariana.rodriguez@correo.zom,4567-8901,246.479,2024-03-11,21,,Argentina
P00024,Mariana Rodríguez S.R.L.,30-87654330-7,SERVICIOS,4,Mariana Rodríguez,mariana.rodriguez@correo.zom,4567-8901,108.316,2024-04-02,21,,Argentina
P00025,Servicios Delta S.A.,30-13579249-8,AGENTE /IMPOSITIVO,5,Sergio García,sergio.garcia@empresa.zom,5678-9012,231.991,2024-05-30,24,,Argentina
P00025,Servicios Delta S.A.,30-13579249-8,AGENTE /IMPOSITIVO,5,Sergio García,sergio.garcia@empresa.zom,5678-9012,156.68,2024-06-05,24,,Argentina
P00026,Carlos López S.R.L.,30-24681359-9,MATERIALES,4,Carlos López,carlos.lopez@correo.com,6789-0123,92.65,2024-01-09,27,,Argentina
P00026,Carlos López S.R.L.,30-24681359-9,MATERIALES,4,Carlos López,carlos.lopez@correo.com,6789-0123,185.402,2024-05-07,27,,Argentina
P00027,Compañía Zeta S.A.,30-97531248-0,SERVICIOS,5,Ana García,ana.garcia@empresa.com,7890-1234,24.71,2024-02-29,36,,Argentina
P00027,Compañía Zeta S.A.,30-97531248-0,SERVICIOS,5,Ana García,ana.garcia@empresa.com,7890-1234,224.365,2024-03-26,36,,Argentina
P00028,Andrés Martínez S.R.L.,30-86430977-1,MATERIALES,5,Andrés Martínez,andres.martinez@correo.zom,8901-2345,220.966,2024-03-25,38,,Argentina
P00028,Andrés Martínez S.R.L.,30-86430977-1,MATERIALES,5,Andrés Martínez,andres.martinez@correo.zom,8901-2345,209.46,2024-05-06,38,,Argentina
P00029,Grupo Omega S.A.,30-19283748-2,SERVICIOS,4,Laura Fernández,laura.fernandez@correo.com,9012-3456,217.766,2024-03-12,19,,Argentina
P00031,María Gómez S.A.,30-45678903-4,MATERIALES,4,María Gómez,maria.gomez@correo.zom,1234-5678,209.204,2024-01-20,24,,Argentina
P00032,Repuestos Zeta S.R.L.,30-98765430-5,AGENTE /IMPOSITIVO,5,Roberto Ruiz,roberto.ruiz@empresa.zom,2345-6789,156.568,2024-01-01,27,,Argentina
P00033,Servicios S.A.,30-12345679-0,SERVICIOS,4,Gabriela Sánchez,gabriela.sanchez@correo.zom,3456-7890,32.0,2024-01-29,36,,Argentina
P00033,Servicios S.A.,30-12345679-0,SERVICIOS,4,Gabriela Sánchez,gabriela.sanchez@correo.zom,3456-7890,150.42,2024-03-29,36,,Argentina
P00034,Empresas S.R.L.,30-87654321-1,MATERIALES,5,Ana López,ana.lopez@empresa.zom,4567-8901,46.612,2024-03-02,38,,Argentina
P00035,Victor Pérez S.A.,30-13579246-7,SERVICIOS,4,Victor Pérez,victor.perez@correo.zom,5678-9012,212.855,2024-05-18,19,,Argentina
P00036,Consultora S.R.L.,30-24681360-8,SERVICIOS,5,Marcela Martínez,marcela.martinez@empresa.zom,6789-0123,83.555,2024-01-04,21,,Argentina
P00038,Laura Fernández S.R.L.,30-86430978-0,SERVICIOS,4,Laura Fernández,laura.fernandez@empresa.zom,AR8901-2345,10.164,2024-06-02,27,,Argentina
P00039,Estudio Zeta S.A.,30-19283749-1,AGENTE /IMPOSITIVO,5,Estudio Zeta,estudio.zeta@correo.zom,9012-3456,201.108,2024-03-23,36,,Argentina
P00040,Javier Martínez S.R.L.,30-32165488-2,MATERIALES,5,Javier Martínez,javier.martinez@correo.com,0123-4567,152.989,2024-03-18,38,,Argentina
P00041,Proveedora S.R.L.,30-45678904-3,SERVICIOS,4,Proveedora SRL,proveedora.srl@empresa.zom,1234-5678,216.059,2024-01-19,19,,Argentina
P00042,Gabriela López S.R.L.,30-98765433-4,MATERIALES,5,Gabriela López,gabriela.lopez@correo.zom,2345-6789,203.31,2024-02-14,21,,Argentina
P00043,Ricardo García S.A.,30-12345679-5,AGENTE /IMPOSITIVO,4,Ricardo García,ricardo.garcia@empresa.zom,3456-7890,42.905,2024-04-15,24,,Argentina
P00044,Grupo Beta S.R.L.,30-87654322-6,SERVICIOS,5,María Rodríguez,maria.rodriguez@correo.zom,4567-8901,108.214,2024-03-20,27,,Argentina
P00045,Compañía Zeta S.A.,30-13579247-7,MATERIALES,4,Gabriela Torres,gabriela.torres@empresa.com,5678-9012,121.389,2024-06-29,36,,Argentina
P00046,Pedro Ruiz S.R.L.,30-24681361-8,AGENTE /IMPOSITIVO,5,Pedro Ruiz,pedro.ruiz@correo.com,6789-0123,204.022,2024-01-26,38,,Argentina
P00047,Servicios S.R.L.,30-97531246-9,SERVICIOS,5,Servicios SRL,servicios.srl@empresa.zom,7890-1234,238.252,2024-05-01,19,,Argentina
P00049,Mariana García S.A.,30-19283750-1,AGENTE /IMPOSITIVO,5,Mariana García,mariana.garcia@correo.com,9012-3456,43.426,2024-02-23,24,,Argentina
P00050,Servicios Zeta S.R.L.,30-32165499-2,SERVICIOS,4,Servicios Zeta,servicios.zeta@empresa.zom,0123-4567,184.371,2024-01-04,27,,Argentina
P00051,Gabriela Morales S.A.,30-45678905-3,MATERIALES,5,Gabriela Morales,gabriela.morales@correo.zom,AR1234-5678,142.46,2024-03-17,36,,Argentina
P00052,Pedro Sánchez S.R.L.,30-98765434-4,AGENTE /IMPOSITIVO,4,Pedro Sánchez,pedro.sanchez@correo.zom,2345-6789,153.937,2024-02-18,38,,Argentina
P00054,Claudia Ruiz S.R.L.,30-87654322-5,MATERIALES,4,Claudia Ruiz,claudia.ruiz@empresa.zom,4567-8901,40.126,2024-01-08,21,,Argentina
P00056,Repuestos S.R.L.,30-97531249-7,MATERIALES,4,Roberto Díaz,roberto.diaz@correo.zom,6789-0123,71.853,2024-05-02,27,,Argentina
P00057,Consultora Beta S.A.,30-13579248-8,AGENTE /IMPOSITIVO,5,Consultora Beta,consultora.beta@empresa.zom,7890-1234,51.264,2024-04-12,36,,Argentina
P00058,Alejandro Martínez S.R.L.,30-86430980-9,SERVICIOS,4,Alejandro Martínez,alejandro.martinez@correo.com,8901-2345,144.695,2024-02-19,38,,Argentina
P00059,Proveedores S.R.L.,30-19283751-0,SERVICIOS,5,Proveedores SRL,proveedores.srl@empresa.zom,9012-3456,117.707,2024-01-29,19,,Argentina
P00060,Roberto Pérez S.R.L.,30-32165488-1,AGENTE /IMPOSITIVO,4,Roberto Pérez,roberto.perez@correo.zom,0123-4567,85.688,2024-01-06,24,,Argentina
P00060,Roberto Pérez S.R.L.,30-32165488-1,AGENTE /IMPOSITIVO,4,Roberto Pérez,roberto.perez@correo.zom,0123-4567,24.035,2024-02-27,21,,Argentina
P00061,Servicios Zeta S.A.,30-45678906-2,SERVICIOS,5,Servicios Zeta,servicios.zeta@empresa.com,AR1234-5678,153.273,2024-02-14,27,,Argentina
P00062,Ana Gómez S.R.L.,30-98765435-3,MATERIALES,4,Ana Gómez,ana.gomez@correo.com,2345-6789,188.554,2024-06-17,36,,Argentina
P00063,Grupo S.R.L.,30-13579249-4,AGENTE /IMPOSITIVO,5,Grupo SRL,grupo.srl@empresa.zom,3456-7890,112.835,2024-02-22,38,,Argentina
P00064,Consultora S.R.L.,30-24681362-5,SERVICIOS,4,Consultora S.A.S.,consultora@correo.com,4567-8901,146.153,2024-02-29,19,,Argentina
P00065,Servicios Beta S.A.,30-97531250-6,MATERIALES,5,Laura Gómez,laura.gomez@empresa.zom,5678-9012,45.663,2024-01-05,21,,Argentina
P00066,Marta López S.R.L.,30-86430981-7,SERVICIOS,4,Marta López,marta.lopez@correo.zom,6789-0123,158.588,2024-03-13,24,,Argentina
P00067,Estudio Jurídico S.A.,30-19283752-8,MATERIALES,5,Estudio Jurídico,estudio.juridico@correo.com,7890-1234,15.039,2024-05-13,27,,Argentina
P00068,Roberto Morales S.R.L.,30-32165489-9,AGENTE /IMPOSITIVO,4,Roberto Morales,roberto.morales@correo.zom,8901-2345,84.567,2024-03-27,36,,Argentina
P00069,Proveedores Beta S.A.,30-45678907-0,SERVICIOS,5,Proveedores Beta,proveedores.beta@empresa.zom,9012-3456,123.157,2024-06-21,38,,Argentina
P00070,Mariana López S.R.L.,30-98765436-1,SERVICIOS,4,Mariana López,mariana.lopez@correo.zom,0123-4567,66.873,2024-03-11,19,,Argentina
P00071,Servicios Gamma S.A.,30-13579250-2,AGENTE /IMPOSITIVO,5,Servicios Gamma,servicios.gamma@correo.zom,1234-5678,202.261,2024-03-03,21,,Argentina
P00072,Estudio Consultores S.R.L.,30-24681363-3,SERVICIOS,4,Estudio Consultores,estudio.consultores@empresa.zom,2345-6789,39.168,2024-02-06,24,,Argentina
P00073,Andrés García S.A.,30-97531251-4,MATERIALES,5,Andrés García,andres.garcia@correo.zom,3456-7890,24.573,2024-06-13,27,,Argentina
P00073,Andrés García S.A.,30-97531251-4,MATERIALES,5,Andrés García,andres.garcia@correo.zom,3456-7890,75.07,2024-03-18,27,,Argentina
P00074,Proveedora S.R.L.,30-86430982-5,AGENTE /IMPOSITIVO,4,Proveedora SRL,proveedora.srl@correo.zom,4567-8901,86.825,2024-06-04,36,,Argentina
P00074,Proveedora S.R.L.,30-86430982-5,AGENTE /IMPOSITIVO,4,Proveedora SRL,proveedora.srl@correo.zom,4567-8901,74.744,2024-05-10,36,,Argentina
P00075,Servicios Alpha S.A.,30-19283753-6,SERVICIOS,5,Servicios Alpha,servicios.alpha@correo.zom,5678-9012,30.219,2024-05-03,38,,Argentina
P00075,Servicios Alpha S.A.,30-19283753-6,SERVICIOS,5,Servicios Alpha,servicios.alpha@correo.zom,5678-9012,215.609,2024-06-30,38,,Argentina
P00076,Repuestos Beta S.R.L.,30-32165490-7,SERVICIOS,4,Repuestos Beta,repuestos.beta@empresa.zom,6789-0123,79.911,2024-05-10,19,,Argentina
P00076,Repuestos Beta S.R.L.,30-32165490-7,SERVICIOS,4,Repuestos Beta,repuestos.beta@empresa.zom,6789-0123,112.002,2024-04-18,19,,Argentina
P00077,Javier Rodríguez S.A.,30-45678908-8,SERVICIOS,5,Javier Rodríguez,javier.rodriguez@correo.com,7890-1234,111.243,2024-03-22,21,,Argentina
P00077,Javier Rodríguez S.A.,30-45678908-8,SERVICIOS,5,Javier Rodríguez,javier.rodriguez@correo.com,7890-1234,135.738,2024-04-20,21,,Argentina
P00078,Servicios Gamma S.R.L.,30-97531252-9,MATERIALES,4,Servicios Gamma,servicios.gamma@correo.zom,8901-2345,143.033,2024-04-08,24,,Argentina
P00078,Servicios Gamma S.R.L.,30-97531252-9,MATERIALES,4,Servicios Gamma,servicios.gamma@correo.zom,8901-2345,210.166,2024-06-15,24,,Argentina
P00079,Ana Morales S.A.A,30-86430983-0,AGENTE /IMPOSITIVO,5,Ana Morales,ana.morales@correo.zom,9012-3456,38.459,2024-05-21,27,,Argentina
P00079,Ana Morales S.A.A,30-86430983-0,AGENTE /IMPOSITIVO,5,Ana Morales,ana.morales@correo.zom,9012-3456,155.264,2024-05-30,27,,Argentina
P00080,Consultora Beta S.R.L.,30-13579251-1,SERVICIOS,4,Consultora Beta,consultora.beta@correo.zom,0123-4567,248.564,2024-06-22,38,,Argentina
P00080,Consultora Beta S.R.L.,30-13579251-1,SERVICIOS,4,Consultora Beta,consultora.beta@correo.zom,0123-4567,19.483,2024-01-12,36,,Argentina
P00080,Consultora Beta S.R.L.,30-13579251-1,SERVICIOS,4,Consultora Beta,consultora.beta@correo.zom,0123-4567,228.756,2024-02-16,38,,Argentina
P00080,Consultora Beta S.R.L.,30-13579251-1,SERVICIOS,4,Consultora Beta,consultora.beta@correo.zom,0123-4567,202.092,2024-06-09,36,,Argentina
P00081,Estudio Jurídico Zeta S.A.,30-24681364-2,SERVICIOS,5,Estudio Jurídico,estudio.zeta@correo.zom,1234-5678,98.664,2024-04-01,19,,Argentina
P00081,Estudio Jurídico Zeta S.A.,30-24681364-2,SERVICIOS,5,Estudio Jurídico,estudio.zeta@correo.zom,1234-5678,88.494,2024-02-11,19,,Argentina
P00082,Gabriela Torres S.R.L.,30-97531253-3,SERVICIOS,4,Gabriela Torres,gabriela.torres@correo.com,2345-6789,130.478,2024-05-16,21,,Argentina
P00082,Gabriela Torres S.R.L.,30-97531253-3,SERVICIOS,4,Gabriela Torres,gabriela.torres@correo.com,2345-6789,39.175,2024-02-15,21,,Argentina
P00083,Proveedora Gamma S.A.,30-86430984-4,MATERIALES,5,Proveedora Gamma,proveedora.gamma@empresa.zom,3456-7890,138.336,2024-02-12,24,,Argentina
P00083,Proveedora Gamma S.A.,30-86430984-4,MATERIALES,5,Proveedora Gamma,proveedora.gamma@empresa.zom,3456-7890,73.957,2024-02-16,24,,Argentina
P00084,Fernando Pérez S.R.L.,30-19283754-5,SERVICIOS,4,Fernando Pérez,fernando.perez@correo.zom,4567-8901,202.128,2024-02-12,27,,Argentina
P00084,Fernando Pérez S.R.L.,30-19283754-5,SERVICIOS,4,Fernando Pérez,fernando.perez@correo.zom,4567-8901,219.093,2024-01-05,27,,Argentina
P00085,Estudio Consultores S.A.A,30-32165491-6,MATERIALES,5,Estudio Consultores,estudio.consultores@correo.com,5678-9012,60.583,2024-06-09,36,,Argentina
P00085,Estudio Consultores S.A.A,30-32165491-6,MATERIALES,5,Estudio Consultores,estudio.consultores@correo.com,5678-9012,134.052,2024-02-09,36,,Argentina
P00086,Ana Gómez S.R.L.,30-45678909-7,SERVICIOS,4,Ana Gómez,ana.gomez@empresa.zom,6789-0123,110.248,2024-02-28,38,,Argentina
P00086,Ana Gómez S.R.L.,30-45678909-7,SERVICIOS,4,Ana Gómez,ana.gomez@empresa.zom,6789-0123,95.58,2024-06-14,38,,Argentina
P00087,Consultora Zeta S.R.L.,30-97531254-8,SERVICIOS,5,Consultora Zeta,consultora.zeta@correo.zom,7890-1234,171.619,2024-03-19,19,,Argentina
P00087,Consultora Zeta S.R.L.,30-97531254-8,SERVICIOS,5,Consultora Zeta,consultora.zeta@correo.zom,7890-1234,127.588,2024-03-06,19,,Argentina
P00088,Repuestos & Co. S.R.L.,,AGENTE /IMPOSITIVO,4,Repuestos & Co.,repuestos.co@correo.zom,8901-2345,165.876,2024-05-06,21,,Argentina
P00088,Repuestos & Co. S.R.L.,,AGENTE /IMPOSITIVO,4,Repuestos & Co.,repuestos.co@correo.zom,8901-2345,161.283,2024-05-17,21,,Argentina
P00089,Mariana Morales S.A.,30-13579252-0,SERVICIOS,5,Mariana Morales,mariana.morales@correo.com,9012-3456,243.339,2024-01-18,24,,Argentina
P00089,Mariana Morales S.A.,30-13579252-0,SERVICIOS,5,Mariana Morales,mariana.morales@correo.com,9012-3456,160.81,2024-01-25,24,,Argentina
P00090,Servicios Consultora S.R.L.,,MATERIALES,4,Servicios Consultora,servicios.consultora@empresa.zom,0123-4567,247.318,2024-03-06,27,,Argentina
P00090,Servicios Consultora S.R.L.,,MATERIALES,4,Servicios Consultora,servicios.consultora@empresa.zom,0123-4567,140.396,2024-03-03,27,,Argentina
P00091,Pedro Morales S.A.,30-97531255-2,AGENTE /IMPOSITIVO,5,Pedro Morales,pedro.morales@correo.zom,1234-5678,193.959,2024-04-18,36,,Argentina
P00091,Pedro Morales S.A.,30-97531255-2,AGENTE /IMPOSITIVO,5,Pedro Morales,pedro.morales@correo.zom,1234-5678,209.036,2024-06-29,36,,Argentina
P00092,Consultora Zeta S.R.L.,30-86430986-3,SERVICIOS,4,Consultora Zeta,consultora.zeta@empresa.zom,2345-6789,19.014,2024-01-19,38,,Argentina
P00092,Consultora Zeta S.R.L.,30-86430986-3,SERVICIOS,4,Consultora Zeta,consultora.zeta@empresa.zom,2345-6789,204.823,2024-02-22,38,,Argentina
P00093,Servicios Proveedores S.A.,30-13579253-4,SERVICIOS,5,Servicios Proveedores,servicios.proveedores@correo.zom,3456-7890,151.263,2024-06-27,19,,Argentina
P00093,Servicios Proveedores S.A.,30-13579253-4,SERVICIOS,5,Servicios Proveedores,servicios.proveedores@correo.zom,3456-7890,135.868,2024-01-09,19,,Argentina
P00094,Gabriela Martínez S.R.L.,30-24681366-5,AGENTE /IMPOSITIVO,4,Gabriela Martínez,gabriela.martinez@empresa.zom,4567-8901,220.046,2024-03-02,21,,Argentina
P00094,Gabriela Martínez S.R.L.,30-24681366-5,AGENTE /IMPOSITIVO,4,Gabriela Martínez,gabriela.martinez@empresa.zom,4567-8901,37.732,2024-03-21,21,,Argentina
P00095,Servicios Consultores S.A.,30-97531256-6,SERVICIOS,5,Servicios Consultores,servicios.consultores@correo.com,5678-9012,176.507,2024-03-30,24,,Argentina
P00095,Servicios Consultores S.A.,30-97531256-6,SERVICIOS,5,Servicios Consultores,servicios.consultores@correo.com,5678-9012,80.841,2024-06-28,24,,Argentina
P00096,Mariana Fernández S.R.L.,30-86430987-7,MATERIALES,4,Mariana Fernández,mariana.fernandez@correo.com,6789-0123,197.447,2024-03-04,27,,Argentina
P00096,Mariana Fernández S.R.L.,30-86430987-7,MATERIALES,4,Mariana Fernández,mariana.fernandez@correo.com,6789-0123,204.006,2024-05-11,27,,Argentina
P00097,Proveedora Consultora S.A.A,30-19283755-8,SERVICIOS,5,Proveedora Consultora,proveedora.consultora@empresa.zom,7890-1234,56.026,2024-03-16,36,,Argentina
P00097,Proveedora Consultora S.A.A,30-19283755-8,SERVICIOS,5,Proveedora Consultora,proveedora.consultora@empresa.zom,7890-1234,124.891,2024-06-30,36,,Argentina
P00098,Consultora Alpha S.R.L.,30-32165492-9,MATERIALES,4,Consultora Alpha,consultora.alpha@correo.zom,8901-2345,158.472,2024-04-04,38,,Argentina
P00098,Consultora Alpha S.R.L.,30-32165492-9,MATERIALES,4,Consultora Alpha,consultora.alpha@correo.zom,8901-2345,174.377,2024-02-25,38,,Argentina
P00099,Servicios Repuestos S.A.,30-45678910-0,SERVICIOS,5,Servicios Repuestos,servicios.repuestos@correo.com,9012-3456,229.885,2024-05-26,19,,Argentina
P00099,Servicios Repuestos S.A.,30-45678910-0,SERVICIOS,5,Servicios Repuestos,servicios.repuestos@correo.com,9012-3456,50.432,2024-06-03,19,,Argentina
P00100,Gabriela Morales S.R.L.,30-98765437-1,MATERIALES,4,Gabriela Morales,gabriela.morales@empresa.zom,0123-4567,11.66,2024-01-31,21,,Argentina
P00100,Gabriela Morales S.R.L.,30-98765437-1,MATERIALES,4,Gabriela Morales,gabriela.morales@empresa.zom,0123-4567,213.343,2024-01-07,21,,Argentina
P00001,Proveedora S.A.,30-12345678-9,SERVIC/OS,5,Juan Pérez,juan.perez@empresa.com,1234-5678,171.488,2024-03-18,19,Buenos Aires,Argentina
P00002,Pedro González S.R.L.,30-87654321-0,SERVIC/OS,4,Pedro González,pedro.gonzalez@correo.zom,2345-6789,288.255,2024-02-08,21,Cordoba,Argentina
P00003,Empresa XYZ S.A.,30-13579246-3,MATER/IALES,5,María López,maria.lopez@empresa.com,3456-7890,195.975,2024-01-18,24,Rosario,Argentina
P00004,Servicios AB S.R.L.,30-24681357-2,AGENTE /IMPOSITIVO,5,Laura Ruiz,laura.ruiz@correo.zom,AR4567-8901,158.607,2024-03-09,27,Mendoza,Argentina
P00005,Carlos Méndez S.A.,30-12345678-9,SERVIC/OS,4,Carlos Méndez,carlos.mendez@correo.com,5678-9012,238.101,2024-03-28,38,Buenos Aires,Argentina
P00005,Carlos Méndez S.A.,30-12345678-9,SERVIC/OS,4,Carlos Méndez,carlos.mendez@correo.com,5678-9012,288.617,2024-04-14,38,Buenos Aires,Argentina
P00006,Grupo Alfa S.R.L.,30-97531246-1,SERVIC/OS,5,Alberto Fernández,alberto.fernandez@empresa.zom,6789-0123,251.833,2024-01-09,19,San Miguel de Tucumán,Argentina
P00007,Ana Sánchez S.A.,30-19283746-4,SERVIC/OS,5,Ana Sánchez,ana.sanchez@correo.com,7890-1234,235.688,2024-05-06,21,Mar del Plata,Argentina
P00008,Compañía Beta S.R.L.,30-74859632-7,AGENTE /IMPOSITIVO,4,Laura Martínez,laura.martinez@empresa.zom,8901-2345,110.198,2024-06-12,24,La Plata,Argentina
P00008,Compañía Beta S.R.L.,30-74859632-7,AGENTE /IMPOSITIVO,4,Laura Martínez,laura.martinez@empresa.zom,8901-2345,269.252,2024-01-21,24,La Plata,Argentina
P00009,Fernando Gómez S.A.,30-12345679-8,MATER/IALES,5,Fernando Gómez,fernando.gomez@correo.zom,9012-3456,12.373,2024-01-20,27,Mendoza,Argentina
P00009,Fernando Gómez S.A.,30-12345679-8,MATER/IALES,5,Fernando Gómez,fernando.gomez@correo.zom,9012-3456,151.274,2024-03-06,27,Mendoza,Argentina
P00010,Soluciones Gama S.R.L.,30-98765432-1,SERVIC/OS,5,Javier Martínez,javier.martinez@empresa.com,0123-4567,101.61,2024-01-28,36,Mar del Plata,Argentina
P00010,Soluciones Gama S.R.L.,30-98765432-1,SERVIC/OS,5,Javier Martínez,javier.martinez@empresa.com,0123-4567,273.713,2024-05-02,36,Mar del Plata,Argentina
P00011,Javier López S.A.,30-65432198-7,AGENTE /IMPOSITIVO,4,Javier López,javier.lopez@correo.zom,1234-5678,291.963,2024-06-04,38,Mar del Plata,Argentina
P00012,Proveedor Ltda. S.R.L.,30-32165487-0,SERVIC/OS,5,Natalia Gómez,natalia.gomez@empresa.com,2345-6789,224.379,2024-04-09,19,Salta,Argentina
P00012,Proveedor Ltda. S.R.L.,30-32165487-0,SERVIC/OS,5,Natalia Gómez,natalia.gomez@empresa.com,2345-6789,153.447,2024-06-03,19,Salta,Argentina
P00013,Repuestos Omega S.A.,30-45678901-2,SERVIC/OS,4,Sergio Castro,sergio.castro@correo.zom,3456-7890,79.543,2024-04-14,21,Santa Fe,Argentina
P00013,Repuestos Omega S.A.,30-45678901-2,SERVIC/OS,4,Sergio Castro,sergio.castro@correo.zom,3456-7890,41.665,2024-02-01,21,Santa Fe,Argentina
P00014,Estudio Jurídico Alfa S.R.L.,30135792487,MATER/IALES,5,María Hernández,maria.hernandez@correo.com,4567-8901,58.494,2024-01-15,24,San Juan,Argentina
P00014,Estudio Jurídico Alfa S.R.L.,30135792487,MATER/IALES,5,María Hernández,maria.hernandez@correo.com,4567-8901,218.705,2024-06-19,24,San Juan,Argentina
P00015,Rosa Pérez S.A.,30-24681358-6,AGENTE /IMPOSITIVO,5,Rosa Pérez,rosa.perez@correo.zom,5678-9012,35.574,2024-05-24,27,Buenos Aires,Argentina
P00015,Rosa Pérez S.A.,30-24681358-6,AGENTE /IMPOSITIVO,5,Rosa Pérez,rosa.perez@correo.zom,5678-9012,26.434,2024-05-19,27,Buenos Aires,Argentina
P00016,Marketing Global S.R.L.,30-97531247-8,SERVIC/OS,5,Gabriela Gómez,gabriela.gomez@empresa.com,AR6789-0123,295.412,2024-04-09,36,Neuquén,Argentina
P00016,Marketing Global S.R.L.,30-97531247-8,SERVIC/OS,5,Gabriela Gómez,gabriela.gomez@empresa.com,AR6789-0123,128.265,2024-04-10,36,Neuquén,Argentina
P00017,Julio Fernández S.A.,30-86430976-9,MATER/IALES,4,Julio Fernández,julio.fernandez@correo.zom,7890-1234,136.358,2024-05-01,38,Rio Gallegos,Argentina
P00017,Julio Fernández S.A.,30-86430976-9,MATER/IALES,4,Julio Fernández,julio.fernandez@correo.zom,7890-1234,288.537,2024-03-05,38,Rio Gallegos,Argentina
P00018,Consultora Zeta S.R.L.,30-19283747-0,SERVIC/OS,5,Laura Sánchez,laura.sanchez@empresa.zom,8901-2345,122.441,2024-01-03,19,San Rafael,Argentina
P00018,Consultora Zeta S.R.L.,30-19283747-0,SERVIC/OS,5,Laura Sánchez,laura.sanchez@empresa.zom,8901-2345,133.962,2024-02-04,19,San Rafael,Argentina
P00101,Luis Martínez S.R.L.,20-12345678-9,Tecnología,4,Luis Martínez,luis.martinez@empresa.xyz,0111-2345,109.47,2019-01-01,27,Buenos Aires,Argentina
P00101,Luis Martínez S.R.L.,20-12345678-9,Tecnología,4,Luis Martínez,luis.martinez@empresa.xyz,0111-2345,211.512,2019-03-28,27,Buenos Aires,Argentina
P00101,Luis Martínez S.R.L.,20-12345678-9,Tecnología,4,Luis Martínez,luis.martinez@empresa.xyz,0111-2345,115.392,2019-05-28,27,Buenos Aires,Argentina
P00101,Luis Martínez S.R.L.,20-12345678-9,Tecnología,4,Luis Martínez,luis.martinez@empresa.xyz,0111-2345,66.906,2021-01-07,27,Buenos Aires,Argentina
P00101,Luis Martínez S.R.L.,20-12345678-9,Tecnología,4,Luis Martínez,luis.martinez@empresa.xyz,0111-2345,149.277,2020-10-07,27,Buenos Aires,Argentina
P00101,Luis Martínez S.R.L.,20-12345678-9,Tecnología,4,Luis Martínez,luis.martinez@empresa.xyz,0111-2345,164.82,2023-01-01,27,Buenos Aires,Argentina
P00101,Luis Martínez S.R.L.,20-12345678-9,Tecnología,4,Luis Martínez,luis.martinez@empresa.xyz,0111-2345,84.017,2023-10-07,27,Buenos Aires,Argentina
P00102,Ana Rodríguez S.A.,30-98765432-5,Consultoría,2,Ana Rodríguez,ana.rodriguez@empresa.abc,0123-5678,12.77,2019-01-03,19,Bahía Blanca,Argentina
P00102,Ana Rodríguez S.A.,30-98765432-5,Consultoría,2,Ana Rodríguez,ana.rodriguez@empresa.abc,0123-5678,279.575,2019-04-01,19,Bahía Blanca,Argentina
P00102,Ana Rodríguez S.A.,30-98765432-5,Consultoría,2,Ana Rodríguez,ana.rodriguez@empresa.abc,0123-5678,229.019,2019-06-01,19,Bahía Blanca,Argentina
P00102,Ana Rodríguez S.A.,30-98765432-5,Consultoría,2,Ana Rodríguez,ana.rodriguez@empresa.abc,0123-5678,277.032,2021-01-10,19,Bahía Blanca,Argentina
P00102,Ana Rodríguez S.A.,30-98765432-5,Consultoría,2,Ana Rodríguez,ana.rodriguez@empresa.abc,0123-5678,170.554,2020-10-10,19,Bahía Blanca,Argentina
P00102,Ana Rodríguez S.A.,30-98765432-5,Consultoría,2,Ana Rodríguez,ana.rodriguez@empresa.abc,0123-5678,109.099,2023-01-03,19,Bahía Blanca,Argentina
P00102,Ana Rodríguez S.A.,30-98765432-5,Consultoría,2,Ana Rodríguez,ana.rodriguez@empresa.abc,0123-5678,120.929,2023-10-10,19,Bahía Blanca,Argentina
P00103,Carlos Fernández Cooperativa,27-23456789-1,Energía Renovable,4,Carlos Fernández,carlos.fernandez@empresa.def,0345-6789,272.036,2019-01-05,19,Buenos Aires,Argentina
P00103,Carlos Fernández Cooperativa,27-23456789-1,Energía Renovable,4,Carlos Fernández,carlos.fernandez@empresa.def,0345-6789,211.801,2019-04-04,19,Buenos Aires,Argentina
P00103,Carlos Fernández Cooperativa,27-23456789-1,Energía Renovable,4,Carlos Fernández,carlos.fernandez@empresa.def,0345-6789,153.534,2019-06-04,19,Buenos Aires,Argentina
P00103,Carlos Fernández Cooperativa,27-23456789-1,Energía Renovable,4,Carlos Fernández,carlos.fernandez@empresa.def,0345-6789,291.211,2021-01-13,19,Buenos Aires,Argentina
P00103,Carlos Fernández Cooperativa,27-23456789-1,Energía Renovable,4,Carlos Fernández,carlos.fernandez@empresa.def,0345-6789,25.1,2020-10-13,19,Buenos Aires,Argentina
P00103,Carlos Fernández Cooperativa,27-23456789-1,Energía Renovable,4,Carlos Fernández,carlos.fernandez@empresa.def,0345-6789,136.125,2023-01-05,19,Buenos Aires,Argentina
P00103,Carlos Fernández Cooperativa,27-23456789-1,Energía Renovable,4,Carlos Fernández,carlos.fernandez@empresa.def,0345-6789,151.245,2023-10-13,19,Buenos Aires,Argentina
P00104,María González S.R.L.,23-45678901-3,Transporte,5,María González,maria.gonzalez@empresa.ghi,0678-3456,10.352,2019-01-07,20,Buenos Aires,Argentina
P00104,María González S.R.L.,23-45678901-3,Transporte,5,María González,maria.gonzalez@empresa.ghi,0678-3456,199.434,2019-04-07,20,Buenos Aires,Argentina
P00104,María González S.R.L.,23-45678901-3,Transporte,5,María González,maria.gonzalez@empresa.ghi,0678-3456,288.754,2021-01-16,20,Buenos Aires,Argentina
P00104,María González S.R.L.,23-45678901-3,Transporte,5,María González,maria.gonzalez@empresa.ghi,0678-3456,241.67,2023-01-07,20,Buenos Aires,Argentina
P00105,Pedro López S.A.,33-56789012-4,Construcción,4,Pedro López,pedro.lopez@empresa.jkl,0765-4321,291.67,2019-01-10,38,Santiago del Estero,Argentina
P00105,Pedro López S.A.,33-56789012-4,Construcción,4,Pedro López,pedro.lopez@empresa.jkl,0765-4321,175.139,2019-04-10,38,Santiago del Estero,Argentina
P00105,Pedro López S.A.,33-56789012-4,Construcción,4,Pedro López,pedro.lopez@empresa.jkl,0765-4321,140.691,2021-01-19,38,Santiago del Estero,Argentina
P00105,Pedro López S.A.,33-56789012-4,Construcción,4,Pedro López,pedro.lopez@empresa.jkl,0765-4321,257.51,2023-01-10,38,Santiago del Estero,Argentina
P00106,Laura Pérez S.R.L.,20-87654321-2,Agroindustria,2,Laura Pérez,laura.perez@empresa.mno,0889-7654,104.176,2019-02-11,25,Río Cuarto,Argentina
P00106,Laura Pérez S.R.L.,20-87654321-2,Agroindustria,2,Laura Pérez,laura.perez@empresa.mno,0889-7654,18.742,2019-04-13,25,Río Cuarto,Argentina
P00106,Laura Pérez S.R.L.,20-87654321-2,Agroindustria,2,Laura Pérez,laura.perez@empresa.mno,0889-7654,29.783,2021-01-22,25,Río Cuarto,Argentina
P00106,Laura Pérez S.R.L.,20-87654321-2,Agroindustria,2,Laura Pérez,laura.perez@empresa.mno,0889-7654,47.776,2023-02-11,25,Río Cuarto,Argentina
P00107,Javier Ramírez S.A.,30-65432109-8,Tecnología,4,Javier Ramírez,javier.ramirez@empresa.pqr,0999-1234,64.042,2019-02-14,27,San Fernando del Valle de Catamarca,Argentina
P00107,Javier Ramírez S.A.,30-65432109-8,Tecnología,4,Javier Ramírez,javier.ramirez@empresa.pqr,0999-1234,271.022,2019-04-16,27,San Fernando del Valle de Catamarca,Argentina
P00107,Javier Ramírez S.A.,30-65432109-8,Tecnología,4,Javier Ramírez,javier.ramirez@empresa.pqr,0999-1234,269.442,2021-01-25,27,San Fernando del Valle de Catamarca,Argentina
P00107,Javier Ramírez S.A.,30-65432109-8,Tecnología,4,Javier Ramírez,javier.ramirez@empresa.pqr,0999-1234,51.622,2023-02-14,27,San Fernando del Valle de Catamarca,Argentina
P00108,Claudia Sánchez Cooperativa,27-76543210-6,Energía Renovable,5,Claudia Sánchez,claudia.sanchez@empresa.stu,0777-5678,131.033,2019-02-17,19,Villa María,Argentina
P00108,Claudia Sánchez Cooperativa,27-76543210-6,Energía Renovable,5,Claudia Sánchez,claudia.sanchez@empresa.stu,0777-5678,166.866,2019-04-19,19,Villa María,Argentina
P00108,Claudia Sánchez Cooperativa,27-76543210-6,Energía Renovable,5,Claudia Sánchez,claudia.sanchez@empresa.stu,0777-5678,42.714,2021-01-28,19,Villa María,Argentina
P00108,Claudia Sánchez Cooperativa,27-76543210-6,Energía Renovable,5,Claudia Sánchez,claudia.sanchez@empresa.stu,0777-5678,130.133,2023-02-17,19,Villa María,Argentina
P00109,Daniel Morales S.R.L.,23-87654320-5,Transporte,4,Daniel Morales,daniel.morales@empresa.vwx,0555-4321,152.895,2019-02-20,20,San Luis,Argentina
P00109,Daniel Morales S.R.L.,23-87654320-5,Transporte,4,Daniel Morales,daniel.morales@empresa.vwx,0555-4321,230.465,2019-04-22,20,San Luis,Argentina
P00109,Daniel Morales S.R.L.,23-87654320-5,Transporte,4,Daniel Morales,daniel.morales@empresa.vwx,0555-4321,190.624,2021-02-01,20,San Luis,Argentina
P00109,Daniel Morales S.R.L.,23-87654320-5,Transporte,4,Daniel Morales,daniel.morales@empresa.vwx,0555-4321,232.698,2023-02-20,20,San Luis,Argentina
P00110,Gabriela Torres S.A.,33-76543219-7,Construcción,2,Gabriela Torres,gabriela.torres@empresa.yza,0666-2345,192.247,2019-01-12,38,Chaco,Argentina
P00110,Gabriela Torres S.A.,33-76543219-7,Construcción,2,Gabriela Torres,gabriela.torres@empresa.yza,0666-2345,215.535,2019-02-23,38,Chaco,Argentina
P00110,Gabriela Torres S.A.,33-76543219-7,Construcción,2,Gabriela Torres,gabriela.torres@empresa.yza,0666-2345,53.588,2019-04-25,38,Chaco,Argentina
P00110,Gabriela Torres S.A.,33-76543219-7,Construcción,2,Gabriela Torres,gabriela.torres@empresa.yza,0666-2345,198.463,2021-02-04,38,Chaco,Argentina
P00110,Gabriela Torres S.A.,33-76543219-7,Construcción,2,Gabriela Torres,gabriela.torres@empresa.yza,0666-2345,193.408,2023-01-12,38,Chaco,Argentina
P00110,Gabriela Torres S.A.,33-76543219-7,Construcción,2,Gabriela Torres,gabriela.torres@empresa.yza,0666-2345,175.62,2023-02-23,38,Chaco,Argentina
P00111,Jorge Herrera S.R.L.,20-87654322-3,Agroindustria,4,Jorge Herrera,jorge.herrera@empresa.bcd,0123-9876,233.493,2019-01-15,25,Buenos Aires,Argentina
P00111,Jorge Herrera S.R.L.,20-87654322-3,Agroindustria,4,Jorge Herrera,jorge.herrera@empresa.bcd,0123-9876,172.873,2019-02-26,25,Buenos Aires,Argentina
P00111,Jorge Herrera S.R.L.,20-87654322-3,Agroindustria,4,Jorge Herrera,jorge.herrera@empresa.bcd,0123-9876,134.09,2019-04-28,25,Buenos Aires,Argentina
P00111,Jorge Herrera S.R.L.,20-87654322-3,Agroindustria,4,Jorge Herrera,jorge.herrera@empresa.bcd,0123-9876,128.552,2021-02-07,25,Buenos Aires,Argentina
P00111,Jorge Herrera S.R.L.,20-87654322-3,Agroindustria,4,Jorge Herrera,jorge.herrera@empresa.bcd,0123-9876,200.989,2023-01-15,25,Buenos Aires,Argentina
P00111,Jorge Herrera S.R.L.,20-87654322-3,Agroindustria,4,Jorge Herrera,jorge.herrera@empresa.bcd,0123-9876,248.69,2023-02-26,25,Buenos Aires,Argentina
P00112,Silvia Ramírez S.A.,30-76543214-8,Tecnología,2,Silvia Ramírez,silvia.ramirez@empresa.efg,0999-2345,39.393,2019-01-17,27,San Nicolás,Argentina
P00112,Silvia Ramírez S.A.,30-76543214-8,Tecnología,2,Silvia Ramírez,silvia.ramirez@empresa.efg,0999-2345,202.116,2019-03-01,27,San Nicolás,Argentina
P00112,Silvia Ramírez S.A.,30-76543214-8,Tecnología,2,Silvia Ramírez,silvia.ramirez@empresa.efg,0999-2345,282.553,2019-05-01,27,San Nicolás,Argentina
P00112,Silvia Ramírez S.A.,30-76543214-8,Tecnología,2,Silvia Ramírez,silvia.ramirez@empresa.efg,0999-2345,143.848,2021-02-10,27,San Nicolás,Argentina
P00112,Silvia Ramírez S.A.,30-76543214-8,Tecnología,2,Silvia Ramírez,silvia.ramirez@empresa.efg,0999-2345,172.745,2023-01-17,27,San Nicolás,Argentina
P00112,Silvia Ramírez S.A.,30-76543214-8,Tecnología,2,Silvia Ramírez,silvia.ramirez@empresa.efg,0999-2345,176.341,2023-03-01,27,San Nicolás,Argentina
P00113,Roberto Cruz Cooperativa,27-23456789-3,Energía Renovable,5,Roberto Cruz,roberto.cruz@empresa.hij,0555-9876,125.746,2019-01-20,19,Luján,Argentina
P00113,Roberto Cruz Cooperativa,27-23456789-3,Energía Renovable,5,Roberto Cruz,roberto.cruz@empresa.hij,0555-9876,259.6,2019-03-04,19,Luján,Argentina
P00113,Roberto Cruz Cooperativa,27-23456789-3,Energía Renovable,5,Roberto Cruz,roberto.cruz@empresa.hij,0555-9876,232.274,2019-05-04,19,Luján,Argentina
P00113,Roberto Cruz Cooperativa,27-23456789-3,Energía Renovable,5,Roberto Cruz,roberto.cruz@empresa.hij,0555-9876,49.747,2019-06-07,19,Luján,Argentina
P00113,Roberto Cruz Cooperativa,27-23456789-3,Energía Renovable,5,Roberto Cruz,roberto.cruz@empresa.hij,0555-9876,111.656,2021-02-13,19,Luján,Argentina
P00113,Roberto Cruz Cooperativa,27-23456789-3,Energía Renovable,5,Roberto Cruz,roberto.cruz@empresa.hij,0555-9876,43.202,2020-10-16,19,Luján,Argentina
P00113,Roberto Cruz Cooperativa,27-23456789-3,Energía Renovable,5,Roberto Cruz,roberto.cruz@empresa.hij,0555-9876,129.158,2023-01-20,19,Luján,Argentina
P00113,Roberto Cruz Cooperativa,27-23456789-3,Energía Renovable,5,Roberto Cruz,roberto.cruz@empresa.hij,0555-9876,152.24,2023-03-04,19,Luján,Argentina
P00113,Roberto Cruz Cooperativa,27-23456789-3,Energía Renovable,5,Roberto Cruz,roberto.cruz@empresa.hij,0555-9876,35.853,2023-10-16,19,Luján,Argentina
P00114,Patricia Gómez S.R.L.,23-87654323-6,Transporte,4,Patricia Gómez,patricia.gomez@empresa.klm,0765-3456,13.869,2019-01-22,20,Jujuy,Argentina
P00114,Patricia Gómez S.R.L.,23-87654323-6,Transporte,4,Patricia Gómez,patricia.gomez@empresa.klm,0765-3456,157.396,2019-03-07,20,Jujuy,Argentina
P00114,Patricia Gómez S.R.L.,23-87654323-6,Transporte,4,Patricia Gómez,patricia.gomez@empresa.klm,0765-3456,97.345,2019-05-07,20,Jujuy,Argentina
P00114,Patricia Gómez S.R.L.,23-87654323-6,Transporte,4,Patricia Gómez,patricia.gomez@empresa.klm,0765-3456,57.351,2019-06-10,20,Jujuy,Argentina
P00114,Patricia Gómez S.R.L.,23-87654323-6,Transporte,4,Patricia Gómez,patricia.gomez@empresa.klm,0765-3456,251.228,2021-02-16,20,Jujuy,Argentina
P00114,Patricia Gómez S.R.L.,23-87654323-6,Transporte,4,Patricia Gómez,patricia.gomez@empresa.klm,0765-3456,257.036,2020-10-19,20,Jujuy,Argentina
P00114,Patricia Gómez S.R.L.,23-87654323-6,Transporte,4,Patricia Gómez,patricia.gomez@empresa.klm,0765-3456,226.947,2023-01-22,20,Jujuy,Argentina
P00114,Patricia Gómez S.R.L.,23-87654323-6,Transporte,4,Patricia Gómez,patricia.gomez@empresa.klm,0765-3456,57.471,2023-10-19,20,Jujuy,Argentina
P00115,Ernesto Ruiz S.A.,33-65432198-7,Construcción,2,Ernesto Ruiz,ernesto.ruiz@empresa.nop,0889-6543,277.243,2019-01-25,38,Buenos Aires,Argentina
P00115,Ernesto Ruiz S.A.,33-65432198-7,Construcción,2,Ernesto Ruiz,ernesto.ruiz@empresa.nop,0889-6543,184.382,2019-03-10,38,Buenos Aires,Argentina
P00115,Ernesto Ruiz S.A.,33-65432198-7,Construcción,2,Ernesto Ruiz,ernesto.ruiz@empresa.nop,0889-6543,273.206,2019-05-10,38,Buenos Aires,Argentina
P00115,Ernesto Ruiz S.A.,33-65432198-7,Construcción,2,Ernesto Ruiz,ernesto.ruiz@empresa.nop,0889-6543,109.321,2019-06-13,38,Buenos Aires,Argentina
P00115,Ernesto Ruiz S.A.,33-65432198-7,Construcción,2,Ernesto Ruiz,ernesto.ruiz@empresa.nop,0889-6543,11.195,2021-02-19,38,Buenos Aires,Argentina
P00115,Ernesto Ruiz S.A.,33-65432198-7,Construcción,2,Ernesto Ruiz,ernesto.ruiz@empresa.nop,0889-6543,218.095,2020-10-22,38,Buenos Aires,Argentina
P00115,Ernesto Ruiz S.A.,33-65432198-7,Construcción,2,Ernesto Ruiz,ernesto.ruiz@empresa.nop,0889-6543,14.028,2023-01-25,38,Buenos Aires,Argentina
P00115,Ernesto Ruiz S.A.,33-65432198-7,Construcción,2,Ernesto Ruiz,ernesto.ruiz@empresa.nop,0889-6543,289.894,2023-10-22,38,Buenos Aires,Argentina
P00116,Valeria Ortega S.R.L.,20-98765432-9,Agroindustria,4,Valeria Ortega,valeria.ortega@empresa.qrs,0777-7654,212.213,2019-01-27,25,Buenos Aires,Argentina
P00116,Valeria Ortega S.R.L.,20-98765432-9,Agroindustria,4,Valeria Ortega,valeria.ortega@empresa.qrs,0777-7654,189.803,2019-03-13,25,Buenos Aires,Argentina
P00116,Valeria Ortega S.R.L.,20-98765432-9,Agroindustria,4,Valeria Ortega,valeria.ortega@empresa.qrs,0777-7654,91.956,2019-05-13,25,Buenos Aires,Argentina
P00116,Valeria Ortega S.R.L.,20-98765432-9,Agroindustria,4,Valeria Ortega,valeria.ortega@empresa.qrs,0777-7654,94.918,2019-06-16,25,Buenos Aires,Argentina
P00116,Valeria Ortega S.R.L.,20-98765432-9,Agroindustria,4,Valeria Ortega,valeria.ortega@empresa.qrs,0777-7654,262.781,2020-09-22,25,Buenos Aires,Argentina
P00116,Valeria Ortega S.R.L.,20-98765432-9,Agroindustria,4,Valeria Ortega,valeria.ortega@empresa.qrs,0777-7654,113.111,2020-10-25,25,Buenos Aires,Argentina
P00116,Valeria Ortega S.R.L.,20-98765432-9,Agroindustria,4,Valeria Ortega,valeria.ortega@empresa.qrs,0777-7654,93.391,2023-01-27,25,Buenos Aires,Argentina
P00116,Valeria Ortega S.R.L.,20-98765432-9,Agroindustria,4,Valeria Ortega,valeria.ortega@empresa.qrs,0777-7654,228.821,2023-10-25,25,Buenos Aires,Argentina
P00117,Juan Castillo S.A.,30-87654321-0,Tecnología,2,Juan Castillo,juan.castillo@empresa.tuv,0345-9998,214.933,2019-01-30,27,Trelew,Argentina
P00117,Juan Castillo S.A.,30-87654321-0,Tecnología,2,Juan Castillo,juan.castillo@empresa.tuv,0345-9998,121.607,2019-03-16,27,Trelew,Argentina
P00117,Juan Castillo S.A.,30-87654321-0,Tecnología,2,Juan Castillo,juan.castillo@empresa.tuv,0345-9998,63.352,2019-05-16,27,Trelew,Argentina
P00117,Juan Castillo S.A.,30-87654321-0,Tecnología,2,Juan Castillo,juan.castillo@empresa.tuv,0345-9998,60.909,2019-06-19,27,Trelew,Argentina
P00117,Juan Castillo S.A.,30-87654321-0,Tecnología,2,Juan Castillo,juan.castillo@empresa.tuv,0345-9998,191.131,2020-09-25,27,Trelew,Argentina
P00117,Juan Castillo S.A.,30-87654321-0,Tecnología,2,Juan Castillo,juan.castillo@empresa.tuv,0345-9998,30.101,2020-10-28,27,Trelew,Argentina
P00117,Juan Castillo S.A.,30-87654321-0,Tecnología,2,Juan Castillo,juan.castillo@empresa.tuv,0345-9998,239.664,2023-01-30,27,Trelew,Argentina
P00117,Juan Castillo S.A.,30-87654321-0,Tecnología,2,Juan Castillo,juan.castillo@empresa.tuv,0345-9998,16.77,2023-10-28,27,Trelew,Argentina
P00118,Sofía Martínez Cooperativa,27-12345678-9,Energía Renovable,5,Sofía Martínez,sofia.martinez@empresa.wxy,0555-2345,167.832,2019-02-02,19,Mendoza,Argentina
P00118,Sofía Martínez Cooperativa,27-12345678-9,Energía Renovable,5,Sofía Martínez,sofia.martinez@empresa.wxy,0555-2345,247.694,2019-03-19,19,Mendoza,Argentina
P00118,Sofía Martínez Cooperativa,27-12345678-9,Energía Renovable,5,Sofía Martínez,sofia.martinez@empresa.wxy,0555-2345,113.663,2019-05-19,19,Mendoza,Argentina
P00118,Sofía Martínez Cooperativa,27-12345678-9,Energía Renovable,5,Sofía Martínez,sofia.martinez@empresa.wxy,0555-2345,19.987,2019-06-22,19,Mendoza,Argentina
P00118,Sofía Martínez Cooperativa,27-12345678-9,Energía Renovable,5,Sofía Martínez,sofia.martinez@empresa.wxy,0555-2345,26.855,2020-09-28,19,Mendoza,Argentina
P00118,Sofía Martínez Cooperativa,27-12345678-9,Energía Renovable,5,Sofía Martínez,sofia.martinez@empresa.wxy,0555-2345,299.321,2020-11-01,19,Mendoza,Argentina
P00118,Sofía Martínez Cooperativa,27-12345678-9,Energía Renovable,5,Sofía Martínez,sofia.martinez@empresa.wxy,0555-2345,145.362,2023-02-02,19,Mendoza,Argentina
P00118,Sofía Martínez Cooperativa,27-12345678-9,Energía Renovable,5,Sofía Martínez,sofia.martinez@empresa.wxy,0555-2345,52.591,2023-11-01,19,Mendoza,Argentina
P00119,Pablo Díaz S.R.L.,23-87654329-8,Transporte,4,Pablo Díaz,pablo.diaz@empresa.zab,0123-7654,285.851,2019-02-05,20,San Fernando,Argentina
P00119,Pablo Díaz S.R.L.,23-87654329-8,Transporte,4,Pablo Díaz,pablo.diaz@empresa.zab,0123-7654,266.431,2019-03-22,20,San Fernando,Argentina
P00119,Pablo Díaz S.R.L.,23-87654329-8,Transporte,4,Pablo Díaz,pablo.diaz@empresa.zab,0123-7654,47.892,2019-05-22,20,San Fernando,Argentina
P00119,Pablo Díaz S.R.L.,23-87654329-8,Transporte,4,Pablo Díaz,pablo.diaz@empresa.zab,0123-7654,143.655,2019-06-25,20,San Fernando,Argentina
P00119,Pablo Díaz S.R.L.,23-87654329-8,Transporte,4,Pablo Díaz,pablo.diaz@empresa.zab,0123-7654,253.069,2021-01-01,20,San Fernando,Argentina
P00119,Pablo Díaz S.R.L.,23-87654329-8,Transporte,4,Pablo Díaz,pablo.diaz@empresa.zab,0123-7654,124.078,2020-10-01,20,San Fernando,Argentina
P00119,Pablo Díaz S.R.L.,23-87654329-8,Transporte,4,Pablo Díaz,pablo.diaz@empresa.zab,0123-7654,164.974,2020-11-04,20,San Fernando,Argentina
P00119,Pablo Díaz S.R.L.,23-87654329-8,Transporte,4,Pablo Díaz,pablo.diaz@empresa.zab,0123-7654,98.184,2023-02-05,20,San Fernando,Argentina
P00119,Pablo Díaz S.R.L.,23-87654329-8,Transporte,4,Pablo Díaz,pablo.diaz@empresa.zab,0123-7654,70.237,2023-10-01,20,San Fernando,Argentina
P00119,Pablo Díaz S.R.L.,23-87654329-8,Transporte,4,Pablo Díaz,pablo.diaz@empresa.zab,0123-7654,249.088,2023-11-04,20,San Fernando,Argentina
P00120,Isabel Ramírez S.A.,33-76543218-9,Construcción,2,Isabel Ramírez,isabel.ramirez@empresa.bef,0999-9876,130.253,2019-02-08,38,Merlo,Argentina
P00120,Isabel Ramírez S.A.,33-76543218-9,Construcción,2,Isabel Ramírez,isabel.ramirez@empresa.bef,0999-9876,201.168,2019-03-25,38,Merlo,Argentina
P00120,Isabel Ramírez S.A.,33-76543218-9,Construcción,2,Isabel Ramírez,isabel.ramirez@empresa.bef,0999-9876,182.791,2019-05-25,38,Merlo,Argentina
P00120,Isabel Ramírez S.A.,33-76543218-9,Construcción,2,Isabel Ramírez,isabel.ramirez@empresa.bef,0999-9876,100.941,2019-06-28,38,Merlo,Argentina
P00120,Isabel Ramírez S.A.,33-76543218-9,Construcción,2,Isabel Ramírez,isabel.ramirez@empresa.bef,0999-9876,74.48,2019-07-01,38,Merlo,Argentina
P00120,Isabel Ramírez S.A.,33-76543218-9,Construcción,2,Isabel Ramírez,isabel.ramirez@empresa.bef,0999-9876,50.006,2019-07-04,38,Merlo,Argentina
P00120,Isabel Ramírez S.A.,33-76543218-9,Construcción,2,Isabel Ramírez,isabel.ramirez@empresa.bef,0999-9876,70.453,2021-01-04,38,Merlo,Argentina
P00120,Isabel Ramírez S.A.,33-76543218-9,Construcción,2,Isabel Ramírez,isabel.ramirez@empresa.bef,0999-9876,16.006,2020-10-04,38,Merlo,Argentina
P00120,Isabel Ramírez S.A.,33-76543218-9,Construcción,2,Isabel Ramírez,isabel.ramirez@empresa.bef,0999-9876,168.444,2020-11-07,38,Merlo,Argentina
P00120,Isabel Ramírez S.A.,33-76543218-9,Construcción,2,Isabel Ramírez,isabel.ramirez@empresa.bef,0999-9876,285.123,2020-11-10,38,Merlo,Argentina
P00120,Isabel Ramírez S.A.,33-76543218-9,Construcción,2,Isabel Ramírez,isabel.ramirez@empresa.bef,0999-9876,118.002,2020-11-13,38,Merlo,Argentina
P00120,Isabel Ramírez S.A.,33-76543218-9,Construcción,2,Isabel Ramírez,isabel.ramirez@empresa.bef,0999-9876,262.998,2023-02-08,38,Merlo,Argentina
P00120,Isabel Ramírez S.A.,33-76543218-9,Construcción,2,Isabel Ramírez,isabel.ramirez@empresa.bef,0999-9876,71.101,2023-10-04,38,Merlo,Argentina
P00120,Isabel Ramírez S.A.,33-76543218-9,Construcción,2,Isabel Ramírez,isabel.ramirez@empresa.bef,0999-9876,132.812,2023-11-07,38,Merlo,Argentina
P00120,Isabel Ramírez S.A.,33-76543218-9,Construcción,2,Isabel Ramírez,isabel.ramirez@empresa.bef,0999-9876,193.225,2023-11-10,38,Merlo,Argentina
P00120,Isabel Ramírez S.A.,33-76543218-9,Construcción,2,Isabel Ramírez,isabel.ramirez@empresa.bef,0999-9876,198.619,2023-11-13,38,Merlo,Argentina
P00121,Carla Medina S.R.L.,20-34567890-1,Software,4,Carla Medina,carla.medina@empresa.qrs,0123-6789,222.631,2020-01-02,27,San Martín,Argentina
P00121,Carla Medina S.R.L.,20-34567890-1,Software,4,Carla Medina,carla.medina@empresa.qrs,0123-6789,61.912,2020-04-01,27,San Martín,Argentina
P00121,Carla Medina S.R.L.,20-34567890-1,Software,4,Carla Medina,carla.medina@empresa.qrs,0123-6789,235.544,2020-07-01,27,San Martín,Argentina
P00121,Carla Medina S.R.L.,20-34567890-1,Software,4,Carla Medina,carla.medina@empresa.qrs,0123-6789,153.467,2020-11-22,27,San Martín,Argentina
P00121,Carla Medina S.R.L.,20-34567890-1,Software,4,Carla Medina,carla.medina@empresa.qrs,0123-6789,229.698,2021-03-04,27,San Martín,Argentina
P00121,Carla Medina S.R.L.,20-34567890-1,Software,4,Carla Medina,carla.medina@empresa.qrs,0123-6789,66.132,2020-11-16,27,San Martín,Argentina
P00121,Carla Medina S.R.L.,20-34567890-1,Software,4,Carla Medina,carla.medina@empresa.qrs,0123-6789,296.58,2021-02-19,27,San Martín,Argentina
P00121,Carla Medina S.R.L.,20-34567890-1,Software,4,Carla Medina,carla.medina@empresa.qrs,0123-6789,228.513,2022-10-19,27,San Martín,Argentina
P00122,Manuel Fernández S.A.,30-98765434-2,Consultoría IT,2,Manuel Fernández,manuel.fernandez@empresa.tuv,0345-6789,183.419,2020-01-05,19,Viedma,Argentina
P00122,Manuel Fernández S.A.,30-98765434-2,Consultoría IT,2,Manuel Fernández,manuel.fernandez@empresa.tuv,0345-6789,218.194,2020-04-04,19,Viedma,Argentina
P00122,Manuel Fernández S.A.,30-98765434-2,Consultoría IT,2,Manuel Fernández,manuel.fernandez@empresa.tuv,0345-6789,175.383,2020-07-04,19,Viedma,Argentina
P00122,Manuel Fernández S.A.,30-98765434-2,Consultoría IT,2,Manuel Fernández,manuel.fernandez@empresa.tuv,0345-6789,216.757,2020-11-25,19,Viedma,Argentina
P00122,Manuel Fernández S.A.,30-98765434-2,Consultoría IT,2,Manuel Fernández,manuel.fernandez@empresa.tuv,0345-6789,102.297,2021-03-07,19,Viedma,Argentina
P00122,Manuel Fernández S.A.,30-98765434-2,Consultoría IT,2,Manuel Fernández,manuel.fernandez@empresa.tuv,0345-6789,24.251,2022-11-17,19,Viedma,Argentina
P00122,Manuel Fernández S.A.,30-98765434-2,Consultoría IT,2,Manuel Fernández,manuel.fernandez@empresa.tuv,0345-6789,149.161,2022-09-22,19,Viedma,Argentina
P00122,Manuel Fernández S.A.,30-98765434-2,Consultoría IT,2,Manuel Fernández,manuel.fernandez@empresa.tuv,0345-6789,91.564,2022-10-22,19,Viedma,Argentina
P00123,Sofía Castro S.A.,27-87654321-0,Energía Eólica,4,Sofía Castro,sofia.castro@empresa.uvw,0456-7890,296.19,2020-01-08,19,Rawson,Argentina
P00123,Sofía Castro S.A.,27-87654321-0,Energía Eólica,4,Sofía Castro,sofia.castro@empresa.uvw,0456-7890,251.963,2020-04-07,19,Rawson,Argentina
P00123,Sofía Castro S.A.,27-87654321-0,Energía Eólica,4,Sofía Castro,sofia.castro@empresa.uvw,0456-7890,119.34,2020-07-07,19,Rawson,Argentina
P00123,Sofía Castro S.A.,27-87654321-0,Energía Eólica,4,Sofía Castro,sofia.castro@empresa.uvw,0456-7890,248.673,2020-11-28,19,Rawson,Argentina
P00123,Sofía Castro S.A.,27-87654321-0,Energía Eólica,4,Sofía Castro,sofia.castro@empresa.uvw,0456-7890,75.137,2022-11-18,19,Rawson,Argentina
P00123,Sofía Castro S.A.,27-87654321-0,Energía Eólica,4,Sofía Castro,sofia.castro@empresa.uvw,0456-7890,85.257,2022-09-25,19,Rawson,Argentina
P00123,Sofía Castro S.A.,27-87654321-0,Energía Eólica,4,Sofía Castro,sofia.castro@empresa.uvw,0456-7890,91.564,2022-10-25,19,Rawson,Argentina
P00124,Ricardo López S.R.L.,23-98765432-4,Construcción,2,Ricardo López,ricardo.lopez@empresa.xyz,0567-8901,88.564,2020-01-11,38,Oberá,Argentina
P00124,Ricardo López S.R.L.,23-98765432-4,Construcción,2,Ricardo López,ricardo.lopez@empresa.xyz,0567-8901,109.71,2020-04-10,38,Oberá,Argentina
P00124,Ricardo López S.R.L.,23-98765432-4,Construcción,2,Ricardo López,ricardo.lopez@empresa.xyz,0567-8901,129.304,2020-07-10,38,Oberá,Argentina
P00124,Ricardo López S.R.L.,23-98765432-4,Construcción,2,Ricardo López,ricardo.lopez@empresa.xyz,0567-8901,233.659,2020-12-01,38,Oberá,Argentina
P00124,Ricardo López S.R.L.,23-98765432-4,Construcción,2,Ricardo López,ricardo.lopez@empresa.xyz,0567-8901,30.337,2021-01-28,38,Oberá,Argentina
P00124,Ricardo López S.R.L.,23-98765432-4,Construcción,2,Ricardo López,ricardo.lopez@empresa.xyz,0567-8901,246.839,2022-09-28,38,Oberá,Argentina
P00125,Gabriela Martínez Cooperativa,33-12345678-9,Agroindustria,4,Gabriela Martínez,gabriela.martinez@empresa.abc,0678-9012,22.903,2020-01-14,25,Calafate,Argentina
P00125,Gabriela Martínez Cooperativa,33-12345678-9,Agroindustria,4,Gabriela Martínez,gabriela.martinez@empresa.abc,0678-9012,247.663,2020-04-13,25,Calafate,Argentina
P00125,Gabriela Martínez Cooperativa,33-12345678-9,Agroindustria,4,Gabriela Martínez,gabriela.martinez@empresa.abc,0678-9012,90.516,2020-07-13,25,Calafate,Argentina
P00125,Gabriela Martínez Cooperativa,33-12345678-9,Agroindustria,4,Gabriela Martínez,gabriela.martinez@empresa.abc,0678-9012,139.242,2020-12-04,25,Calafate,Argentina
P00125,Gabriela Martínez Cooperativa,33-12345678-9,Agroindustria,4,Gabriela Martínez,gabriela.martinez@empresa.abc,0678-9012,88.185,2021-02-01,25,Calafate,Argentina
P00125,Gabriela Martínez Cooperativa,33-12345678-9,Agroindustria,4,Gabriela Martínez,gabriela.martinez@empresa.abc,0678-9012,244.816,2022-10-01,25,Calafate,Argentina
P00126,Pablo Vargas S.A.,20-23456789-1,Tecnología,2,Pablo Vargas,pablo.vargas@empresa.def,0789-0123,74.389,2020-01-17,27,Gualeguaychú,Argentina
P00126,Pablo Vargas S.A.,20-23456789-1,Tecnología,2,Pablo Vargas,pablo.vargas@empresa.def,0789-0123,117.043,2020-04-16,27,Gualeguaychú,Argentina
P00126,Pablo Vargas S.A.,20-23456789-1,Tecnología,2,Pablo Vargas,pablo.vargas@empresa.def,0789-0123,97.376,2020-07-16,27,Gualeguaychú,Argentina
P00126,Pablo Vargas S.A.,20-23456789-1,Tecnología,2,Pablo Vargas,pablo.vargas@empresa.def,0789-0123,231.968,2020-12-07,27,Gualeguaychú,Argentina
P00126,Pablo Vargas S.A.,20-23456789-1,Tecnología,2,Pablo Vargas,pablo.vargas@empresa.def,0789-0123,146.818,2021-02-04,27,Gualeguaychú,Argentina
P00126,Pablo Vargas S.A.,20-23456789-1,Tecnología,2,Pablo Vargas,pablo.vargas@empresa.def,0789-0123,14.222,2022-10-04,27,Gualeguaychú,Argentina
P00127,Laura Fernández S.R.L.,30-34567890-3,Energía Solar,4,Laura Fernández,laura.fernandez@empresa.ghi,0890-1234,37.706,2020-01-20,19,Río Grande,Argentina
P00127,Laura Fernández S.R.L.,30-34567890-3,Energía Solar,4,Laura Fernández,laura.fernandez@empresa.ghi,0890-1234,11.442,2020-04-19,19,Río Grande,Argentina
P00127,Laura Fernández S.R.L.,30-34567890-3,Energía Solar,4,Laura Fernández,laura.fernandez@empresa.ghi,0890-1234,179.093,2020-07-19,19,Río Grande,Argentina
P00127,Laura Fernández S.R.L.,30-34567890-3,Energía Solar,4,Laura Fernández,laura.fernandez@empresa.ghi,0890-1234,173.998,2020-12-10,19,Río Grande,Argentina
P00127,Laura Fernández S.R.L.,30-34567890-3,Energía Solar,4,Laura Fernández,laura.fernandez@empresa.ghi,0890-1234,283.665,2021-02-07,19,Río Grande,Argentina
P00127,Laura Fernández S.R.L.,30-34567890-3,Energía Solar,4,Laura Fernández,laura.fernandez@empresa.ghi,0890-1234,212.134,2022-10-07,19,Río Grande,Argentina
P00128,Javier González S.A.,27-98765432-5,Transporte,2,Javier González,javier.gonzalez@empresa.jkl,0912-3456,198.341,2020-01-23,20,Buenos Aires,Argentina
P00128,Javier González S.A.,27-98765432-5,Transporte,2,Javier González,javier.gonzalez@empresa.jkl,0912-3456,10.587,2020-04-22,20,Buenos Aires,Argentina
P00128,Javier González S.A.,27-98765432-5,Transporte,2,Javier González,javier.gonzalez@empresa.jkl,0912-3456,179.746,2020-07-22,20,Buenos Aires,Argentina
P00128,Javier González S.A.,27-98765432-5,Transporte,2,Javier González,javier.gonzalez@empresa.jkl,0912-3456,83.142,2020-12-13,20,Buenos Aires,Argentina
P00128,Javier González S.A.,27-98765432-5,Transporte,2,Javier González,javier.gonzalez@empresa.jkl,0912-3456,59.591,2021-02-10,20,Buenos Aires,Argentina
P00128,Javier González S.A.,27-98765432-5,Transporte,2,Javier González,javier.gonzalez@empresa.jkl,0912-3456,280.267,2022-10-10,20,Buenos Aires,Argentina
P00129,Patricia Rivas S.R.L.,23-45678901-7,Construcción,4,Patricia Rivas,patricia.rivas@empresa.mno,0123-4567,237.422,2020-01-26,38,Villa Carlos Paz,Argentina
P00129,Patricia Rivas S.R.L.,23-45678901-7,Construcción,4,Patricia Rivas,patricia.rivas@empresa.mno,0123-4567,13.02,2020-04-25,38,Villa Carlos Paz,Argentina
P00129,Patricia Rivas S.R.L.,23-45678901-7,Construcción,4,Patricia Rivas,patricia.rivas@empresa.mno,0123-4567,94.24,2020-07-25,38,Villa Carlos Paz,Argentina
P00129,Patricia Rivas S.R.L.,23-45678901-7,Construcción,4,Patricia Rivas,patricia.rivas@empresa.mno,0123-4567,64.138,2020-12-16,38,Villa Carlos Paz,Argentina
P00129,Patricia Rivas S.R.L.,23-45678901-7,Construcción,4,Patricia Rivas,patricia.rivas@empresa.mno,0123-4567,209.335,2021-02-13,38,Villa Carlos Paz,Argentina
P00129,Patricia Rivas S.R.L.,23-45678901-7,Construcción,4,Patricia Rivas,patricia.rivas@empresa.mno,0123-4567,211.622,2022-10-13,38,Villa Carlos Paz,Argentina
P00130,Fernando Reyes Cooperativa,33-56789012-6,Agroindustria,2,Fernando Reyes,fernando.reyes@empresa.pqr,0345-6789,79.707,2020-01-29,25,Villa Allende,Argentina
P00130,Fernando Reyes Cooperativa,33-56789012-6,Agroindustria,2,Fernando Reyes,fernando.reyes@empresa.pqr,0345-6789,217.8,2020-04-28,25,Villa Allende,Argentina
P00130,Fernando Reyes Cooperativa,33-56789012-6,Agroindustria,2,Fernando Reyes,fernando.reyes@empresa.pqr,0345-6789,26.298,2020-07-28,25,Villa Allende,Argentina
P00130,Fernando Reyes Cooperativa,33-56789012-6,Agroindustria,2,Fernando Reyes,fernando.reyes@empresa.pqr,0345-6789,147.083,2020-12-19,25,Villa Allende,Argentina
P00130,Fernando Reyes Cooperativa,33-56789012-6,Agroindustria,2,Fernando Reyes,fernando.reyes@empresa.pqr,0345-6789,241.869,2021-02-16,25,Villa Allende,Argentina
P00130,Fernando Reyes Cooperativa,33-56789012-6,Agroindustria,2,Fernando Reyes,fernando.reyes@empresa.pqr,0345-6789,140.463,2022-10-16,25,Villa Allende,Argentina
P00131,Valentina Ortega S.R.L.,20-87654321-2,Consultoría,4,Valentina Ortega,valentina.ortega@empresa.stu,0456-7890,12.989,2020-02-01,19,San Pedro,Argentina
P00131,Valentina Ortega S.R.L.,20-87654321-2,Consultoría,4,Valentina Ortega,valentina.ortega@empresa.stu,0456-7890,268.049,2020-05-01,19,San Pedro,Argentina
P00131,Valentina Ortega S.R.L.,20-87654321-2,Consultoría,4,Valentina Ortega,valentina.ortega@empresa.stu,0456-7890,222.635,2020-08-01,19,San Pedro,Argentina
P00131,Valentina Ortega S.R.L.,20-87654321-2,Consultoría,4,Valentina Ortega,valentina.ortega@empresa.stu,0456-7890,256.449,2020-12-22,19,San Pedro,Argentina
P00131,Valentina Ortega S.R.L.,20-87654321-2,Consultoría,4,Valentina Ortega,valentina.ortega@empresa.stu,0456-7890,141.315,2021-02-19,19,San Pedro,Argentina
P00131,Valentina Ortega S.R.L.,20-87654321-2,Consultoría,4,Valentina Ortega,valentina.ortega@empresa.stu,0456-7890,186.346,2022-10-19,19,San Pedro,Argentina
P00132,Andrés Ruiz S.A.,30-12345678-9,Tecnología,2,Andrés Ruiz,andres.ruiz@empresa.tuv,0567-8901,249.854,2020-02-04,27,General Roca,Argentina
P00132,Andrés Ruiz S.A.,30-12345678-9,Tecnología,2,Andrés Ruiz,andres.ruiz@empresa.tuv,0567-8901,229.698,2020-05-04,27,General Roca,Argentina
P00132,Andrés Ruiz S.A.,30-12345678-9,Tecnología,2,Andrés Ruiz,andres.ruiz@empresa.tuv,0567-8901,192.599,2020-08-04,27,General Roca,Argentina
P00132,Andrés Ruiz S.A.,30-12345678-9,Tecnología,2,Andrés Ruiz,andres.ruiz@empresa.tuv,0567-8901,152.846,2020-12-25,27,General Roca,Argentina
P00132,Andrés Ruiz S.A.,30-12345678-9,Tecnología,2,Andrés Ruiz,andres.ruiz@empresa.tuv,0567-8901,110.878,2021-01-07,27,General Roca,Argentina
P00132,Andrés Ruiz S.A.,30-12345678-9,Tecnología,2,Andrés Ruiz,andres.ruiz@empresa.tuv,0567-8901,48.679,2022-09-22,27,General Roca,Argentina
P00132,Andrés Ruiz S.A.,30-12345678-9,Tecnología,2,Andrés Ruiz,andres.ruiz@empresa.tuv,0567-8901,50.488,2022-10-22,27,General Roca,Argentina
P00133,Daniela Fernández S.A.,27-23456789-4,Energía Eólica,4,Daniela Fernández,daniela.fernandez@empresa.uvw,0678-9012,127.726,2020-02-07,19,Junín,Argentina
P00133,Daniela Fernández S.A.,27-23456789-4,Energía Eólica,4,Daniela Fernández,daniela.fernandez@empresa.uvw,0678-9012,102.297,2020-05-07,19,Junín,Argentina
P00133,Daniela Fernández S.A.,27-23456789-4,Energía Eólica,4,Daniela Fernández,daniela.fernandez@empresa.uvw,0678-9012,150.974,2020-08-07,19,Junín,Argentina
P00133,Daniela Fernández S.A.,27-23456789-4,Energía Eólica,4,Daniela Fernández,daniela.fernandez@empresa.uvw,0678-9012,256.144,2020-12-28,19,Junín,Argentina
P00133,Daniela Fernández S.A.,27-23456789-4,Energía Eólica,4,Daniela Fernández,daniela.fernandez@empresa.uvw,0678-9012,31.099,2021-01-10,19,Junín,Argentina
P00133,Daniela Fernández S.A.,27-23456789-4,Energía Eólica,4,Daniela Fernández,daniela.fernandez@empresa.uvw,0678-9012,194.151,2022-09-25,19,Junín,Argentina
P00133,Daniela Fernández S.A.,27-23456789-4,Energía Eólica,4,Daniela Fernández,daniela.fernandez@empresa.uvw,0678-9012,126.804,2022-10-25,19,Junín,Argentina
P00134,Luis Gómez S.R.L.,23-34567890-7,Construcción,2,Luis Gómez,luis.gomez@empresa.xyz,0789-0123,243.396,2020-02-10,38,Buenos Aires,Argentina
P00134,Luis Gómez S.R.L.,23-34567890-7,Construcción,2,Luis Gómez,luis.gomez@empresa.xyz,0789-0123,24.358,2020-05-10,38,Buenos Aires,Argentina
P00134,Luis Gómez S.R.L.,23-34567890-7,Construcción,2,Luis Gómez,luis.gomez@empresa.xyz,0789-0123,60.625,2020-08-10,38,Buenos Aires,Argentina
P00134,Luis Gómez S.R.L.,23-34567890-7,Construcción,2,Luis Gómez,luis.gomez@empresa.xyz,0789-0123,161.646,2020-10-01,38,Buenos Aires,Argentina
P00134,Luis Gómez S.R.L.,23-34567890-7,Construcción,2,Luis Gómez,luis.gomez@empresa.xyz,0789-0123,135.225,2021-01-01,38,Buenos Aires,Argentina
P00134,Luis Gómez S.R.L.,23-34567890-7,Construcción,2,Luis Gómez,luis.gomez@empresa.xyz,0789-0123,249.165,2021-01-13,38,Buenos Aires,Argentina
P00134,Luis Gómez S.R.L.,23-34567890-7,Construcción,2,Luis Gómez,luis.gomez@empresa.xyz,0789-0123,219.837,2022-09-28,38,Buenos Aires,Argentina
P00134,Luis Gómez S.R.L.,23-34567890-7,Construcción,2,Luis Gómez,luis.gomez@empresa.xyz,0789-0123,173.152,2021-01-28,38,Buenos Aires,Argentina
P00135,Marcela Jiménez Cooperativa,33-45678901-8,Agroindustria,4,Marcela Jiménez,marcela.jimenez@empresa.abc,0890-1234,46.325,2020-02-13,25,Rafaela,Argentina
P00135,Marcela Jiménez Cooperativa,33-45678901-8,Agroindustria,4,Marcela Jiménez,marcela.jimenez@empresa.abc,0890-1234,165.797,2020-05-13,25,Rafaela,Argentina
P00135,Marcela Jiménez Cooperativa,33-45678901-8,Agroindustria,4,Marcela Jiménez,marcela.jimenez@empresa.abc,0890-1234,294.815,2020-08-13,25,Rafaela,Argentina
P00135,Marcela Jiménez Cooperativa,33-45678901-8,Agroindustria,4,Marcela Jiménez,marcela.jimenez@empresa.abc,0890-1234,57.988,2020-10-04,25,Rafaela,Argentina
P00135,Marcela Jiménez Cooperativa,33-45678901-8,Agroindustria,4,Marcela Jiménez,marcela.jimenez@empresa.abc,0890-1234,89.516,2021-01-04,25,Rafaela,Argentina
P00135,Marcela Jiménez Cooperativa,33-45678901-8,Agroindustria,4,Marcela Jiménez,marcela.jimenez@empresa.abc,0890-1234,281.214,2021-01-16,25,Rafaela,Argentina
P00135,Marcela Jiménez Cooperativa,33-45678901-8,Agroindustria,4,Marcela Jiménez,marcela.jimenez@empresa.abc,0890-1234,225.311,2022-10-01,25,Rafaela,Argentina
P00135,Marcela Jiménez Cooperativa,33-45678901-8,Agroindustria,4,Marcela Jiménez,marcela.jimenez@empresa.abc,0890-1234,170.553,2021-02-01,25,Rafaela,Argentina
P00136,Roberto Díaz S.A.,20-56789012-3,Tecnología,2,Roberto Díaz,roberto.diaz@empresa.def,0912-3456,220.987,2020-02-16,27,Rio Gallegos,Argentina
P00136,Roberto Díaz S.A.,20-56789012-3,Tecnología,2,Roberto Díaz,roberto.diaz@empresa.def,0912-3456,260.964,2020-05-16,27,Rio Gallegos,Argentina
P00136,Roberto Díaz S.A.,20-56789012-3,Tecnología,2,Roberto Díaz,roberto.diaz@empresa.def,0912-3456,45.468,2020-08-16,27,Rio Gallegos,Argentina
P00136,Roberto Díaz S.A.,20-56789012-3,Tecnología,2,Roberto Díaz,roberto.diaz@empresa.def,0912-3456,135.113,2020-10-07,27,Rio Gallegos,Argentina
P00136,Roberto Díaz S.A.,20-56789012-3,Tecnología,2,Roberto Díaz,roberto.diaz@empresa.def,0912-3456,148.154,2021-01-19,27,Rio Gallegos,Argentina
P00136,Roberto Díaz S.A.,20-56789012-3,Tecnología,2,Roberto Díaz,roberto.diaz@empresa.def,0912-3456,247.527,2022-10-04,27,Rio Gallegos,Argentina
P00136,Roberto Díaz S.A.,20-56789012-3,Tecnología,2,Roberto Díaz,roberto.diaz@empresa.def,0912-3456,212.736,2021-02-04,27,Rio Gallegos,Argentina
P00137,Camila Martínez S.R.L.,30-67890123-4,Energía Solar,4,Camila Martínez,camila.martinez@empresa.ghi,0123-4567,221.445,2020-02-19,19,Buenos Aires,Argentina
P00137,Camila Martínez S.R.L.,30-67890123-4,Energía Solar,4,Camila Martínez,camila.martinez@empresa.ghi,0123-4567,228.513,2020-05-19,19,Buenos Aires,Argentina
P00137,Camila Martínez S.R.L.,30-67890123-4,Energía Solar,4,Camila Martínez,camila.martinez@empresa.ghi,0123-4567,247.726,2020-08-19,19,Buenos Aires,Argentina
P00137,Camila Martínez S.R.L.,30-67890123-4,Energía Solar,4,Camila Martínez,camila.martinez@empresa.ghi,0123-4567,295.302,2020-10-10,19,Buenos Aires,Argentina
P00137,Camila Martínez S.R.L.,30-67890123-4,Energía Solar,4,Camila Martínez,camila.martinez@empresa.ghi,0123-4567,217.867,2021-01-22,19,Buenos Aires,Argentina
P00137,Camila Martínez S.R.L.,30-67890123-4,Energía Solar,4,Camila Martínez,camila.martinez@empresa.ghi,0123-4567,223.875,2022-10-07,19,Buenos Aires,Argentina
P00137,Camila Martínez S.R.L.,30-67890123-4,Energía Solar,4,Camila Martínez,camila.martinez@empresa.ghi,0123-4567,151.708,2021-02-07,19,Buenos Aires,Argentina
P00138,Santiago López S.A.,27-78901234-6,Transporte,2,Santiago López,santiago.lopez@empresa.jkl,0345-6789,94.895,2020-02-22,20,Mendoza,Argentina
P00138,Santiago López S.A.,27-78901234-6,Transporte,2,Santiago López,santiago.lopez@empresa.jkl,0345-6789,91.564,2020-05-22,20,Mendoza,Argentina
P00138,Santiago López S.A.,27-78901234-6,Transporte,2,Santiago López,santiago.lopez@empresa.jkl,0345-6789,175.561,2020-08-22,20,Mendoza,Argentina
P00138,Santiago López S.A.,27-78901234-6,Transporte,2,Santiago López,santiago.lopez@empresa.jkl,0345-6789,73.794,2020-10-13,20,Mendoza,Argentina
P00138,Santiago López S.A.,27-78901234-6,Transporte,2,Santiago López,santiago.lopez@empresa.jkl,0345-6789,73.794,2021-01-25,20,Mendoza,Argentina
P00138,Santiago López S.A.,27-78901234-6,Transporte,2,Santiago López,santiago.lopez@empresa.jkl,0345-6789,148.032,2022-10-10,20,Mendoza,Argentina
P00138,Santiago López S.A.,27-78901234-6,Transporte,2,Santiago López,santiago.lopez@empresa.jkl,0345-6789,279.688,2021-02-10,20,Mendoza,Argentina
P00139,Fernanda García S.R.L.,23-89012345-9,Construcción,4,Fernanda García,fernanda.garcia@empresa.mno,0456-7890,139.765,2020-02-25,38,Cordoba,Argentina
P00139,Fernanda García S.R.L.,23-89012345-9,Construcción,4,Fernanda García,fernanda.garcia@empresa.mno,0456-7890,143.944,2020-05-25,38,Cordoba,Argentina
P00139,Fernanda García S.R.L.,23-89012345-9,Construcción,4,Fernanda García,fernanda.garcia@empresa.mno,0456-7890,158.384,2020-08-25,38,Cordoba,Argentina
P00139,Fernanda García S.R.L.,23-89012345-9,Construcción,4,Fernanda García,fernanda.garcia@empresa.mno,0456-7890,106.432,2020-10-16,38,Cordoba,Argentina
P00139,Fernanda García S.R.L.,23-89012345-9,Construcción,4,Fernanda García,fernanda.garcia@empresa.mno,0456-7890,106.432,2021-01-28,38,Cordoba,Argentina
P00139,Fernanda García S.R.L.,23-89012345-9,Construcción,4,Fernanda García,fernanda.garcia@empresa.mno,0456-7890,42.668,2022-10-13,38,Cordoba,Argentina
P00139,Fernanda García S.R.L.,23-89012345-9,Construcción,4,Fernanda García,fernanda.garcia@empresa.mno,0456-7890,72.059,2021-02-13,38,Cordoba,Argentina
P00140,Nicolás Castillo Cooperativa,33-90123456-0,Agroindustria,2,Nicolás Castillo,nicolas.castillo@empresa.pqr,0567-8901,248.599,2020-02-28,25,Rosario,Argentina
P00140,Nicolás Castillo Cooperativa,33-90123456-0,Agroindustria,2,Nicolás Castillo,nicolas.castillo@empresa.pqr,0567-8901,159.738,2020-05-28,25,Rosario,Argentina
P00140,Nicolás Castillo Cooperativa,33-90123456-0,Agroindustria,2,Nicolás Castillo,nicolas.castillo@empresa.pqr,0567-8901,122.24,2020-08-28,25,Rosario,Argentina
P00140,Nicolás Castillo Cooperativa,33-90123456-0,Agroindustria,2,Nicolás Castillo,nicolas.castillo@empresa.pqr,0567-8901,90.675,2020-10-19,25,Rosario,Argentina
P00140,Nicolás Castillo Cooperativa,33-90123456-0,Agroindustria,2,Nicolás Castillo,nicolas.castillo@empresa.pqr,0567-8901,90.675,2021-02-01,25,Rosario,Argentina
P00140,Nicolás Castillo Cooperativa,33-90123456-0,Agroindustria,2,Nicolás Castillo,nicolas.castillo@empresa.pqr,0567-8901,81.679,2022-10-16,25,Rosario,Argentina
P00140,Nicolás Castillo Cooperativa,33-90123456-0,Agroindustria,2,Nicolás Castillo,nicolas.castillo@empresa.pqr,0567-8901,117.043,2021-02-16,25,Rosario,Argentina
P00141,Juliana Pérez S.R.L.,20-01234567-4,Consultoría,4,Juliana Pérez,juliana.perez@empresa.stu,0678-9012,130.696,2020-03-02,19,San Juan,Argentina
P00141,Juliana Pérez S.R.L.,20-01234567-4,Consultoría,4,Juliana Pérez,juliana.perez@empresa.stu,0678-9012,207.725,2020-06-01,19,San Juan,Argentina
P00141,Juliana Pérez S.R.L.,20-01234567-4,Consultoría,4,Juliana Pérez,juliana.perez@empresa.stu,0678-9012,121.055,2020-09-01,19,San Juan,Argentina
P00141,Juliana Pérez S.R.L.,20-01234567-4,Consultoría,4,Juliana Pérez,juliana.perez@empresa.stu,0678-9012,252.093,2020-10-22,19,San Juan,Argentina
P00141,Juliana Pérez S.R.L.,20-01234567-4,Consultoría,4,Juliana Pérez,juliana.perez@empresa.stu,0678-9012,252.093,2021-02-04,19,San Juan,Argentina
P00141,Juliana Pérez S.R.L.,20-01234567-4,Consultoría,4,Juliana Pérez,juliana.perez@empresa.stu,0678-9012,280.32,2022-10-19,19,San Juan,Argentina
P00141,Juliana Pérez S.R.L.,20-01234567-4,Consultoría,4,Juliana Pérez,juliana.perez@empresa.stu,0678-9012,11.442,2021-02-19,19,San Juan,Argentina
P00142,Diego Fernández S.A.,30-12345678-5,Tecnología,2,Diego Fernández,diego.fernandez@empresa.uvw,0789-0123,88.206,2020-03-05,27,San Rafael,Argentina
P00142,Diego Fernández S.A.,30-12345678-5,Tecnología,2,Diego Fernández,diego.fernandez@empresa.uvw,0789-0123,103.821,2020-06-04,27,San Rafael,Argentina
P00142,Diego Fernández S.A.,30-12345678-5,Tecnología,2,Diego Fernández,diego.fernandez@empresa.uvw,0789-0123,52.184,2020-09-04,27,San Rafael,Argentina
P00142,Diego Fernández S.A.,30-12345678-5,Tecnología,2,Diego Fernández,diego.fernandez@empresa.uvw,0789-0123,85.168,2020-10-25,27,San Rafael,Argentina
P00142,Diego Fernández S.A.,30-12345678-5,Tecnología,2,Diego Fernández,diego.fernandez@empresa.uvw,0789-0123,85.168,2021-02-07,27,San Rafael,Argentina
P00142,Diego Fernández S.A.,30-12345678-5,Tecnología,2,Diego Fernández,diego.fernandez@empresa.uvw,0789-0123,34.695,2022-10-22,27,San Rafael,Argentina
P00142,Diego Fernández S.A.,30-12345678-5,Tecnología,2,Diego Fernández,diego.fernandez@empresa.uvw,0789-0123,10.587,2022-09-22,27,San Rafael,Argentina
P00143,Mariana Gómez S.A.,27-23456789-6,Energía Eólica,4,Mariana Gómez,mariana.gomez@empresa.xyz,0890-1234,255.727,2020-03-08,19,Posadas,Argentina
P00143,Mariana Gómez S.A.,27-23456789-6,Energía Eólica,4,Mariana Gómez,mariana.gomez@empresa.xyz,0890-1234,253.296,2020-06-07,19,Posadas,Argentina
P00143,Mariana Gómez S.A.,27-23456789-6,Energía Eólica,4,Mariana Gómez,mariana.gomez@empresa.xyz,0890-1234,200.021,2020-09-07,19,Posadas,Argentina
P00143,Mariana Gómez S.A.,27-23456789-6,Energía Eólica,4,Mariana Gómez,mariana.gomez@empresa.xyz,0890-1234,278.387,2020-10-28,19,Posadas,Argentina
P00143,Mariana Gómez S.A.,27-23456789-6,Energía Eólica,4,Mariana Gómez,mariana.gomez@empresa.xyz,0890-1234,278.387,2021-02-10,19,Posadas,Argentina
P00143,Mariana Gómez S.A.,27-23456789-6,Energía Eólica,4,Mariana Gómez,mariana.gomez@empresa.xyz,0890-1234,82.635,2022-10-25,19,Posadas,Argentina
P00143,Mariana Gómez S.A.,27-23456789-6,Energía Eólica,4,Mariana Gómez,mariana.gomez@empresa.xyz,0890-1234,13.02,2022-09-25,19,Posadas,Argentina
P00144,Manuel Rodríguez S.R.L.,23-34567890-1,Construcción,2,Manuel Rodríguez,manuel.rodriguez@empresa.def,0912-3456,295.728,2020-03-11,38,Bahía Blanca,Argentina
P00144,Manuel Rodríguez S.R.L.,23-34567890-1,Construcción,2,Manuel Rodríguez,manuel.rodriguez@empresa.def,0912-3456,201.749,2020-06-10,38,Bahía Blanca,Argentina
P00144,Manuel Rodríguez S.R.L.,23-34567890-1,Construcción,2,Manuel Rodríguez,manuel.rodriguez@empresa.def,0912-3456,269.41,2020-09-10,38,Bahía Blanca,Argentina
P00144,Manuel Rodríguez S.R.L.,23-34567890-1,Construcción,2,Manuel Rodríguez,manuel.rodriguez@empresa.def,0912-3456,156.276,2020-11-01,38,Bahía Blanca,Argentina
P00144,Manuel Rodríguez S.R.L.,23-34567890-1,Construcción,2,Manuel Rodríguez,manuel.rodriguez@empresa.def,0912-3456,156.276,2021-02-13,38,Bahía Blanca,Argentina
P00144,Manuel Rodríguez S.R.L.,23-34567890-1,Construcción,2,Manuel Rodríguez,manuel.rodriguez@empresa.def,0912-3456,124.428,2021-01-28,38,Bahía Blanca,Argentina
P00144,Manuel Rodríguez S.R.L.,23-34567890-1,Construcción,2,Manuel Rodríguez,manuel.rodriguez@empresa.def,0912-3456,217.8,2022-09-28,38,Bahía Blanca,Argentina
P00145,Clara Jiménez Cooperativa,33-45678901-2,Agroindustria,4,Clara Jiménez,clara.jimenez@empresa.ghi,0123-6789,59.893,2020-03-14,25,Resistencia,Argentina
P00145,Clara Jiménez Cooperativa,33-45678901-2,Agroindustria,4,Clara Jiménez,clara.jimenez@empresa.ghi,0123-6789,43.682,2020-06-13,25,Resistencia,Argentina
P00145,Clara Jiménez Cooperativa,33-45678901-2,Agroindustria,4,Clara Jiménez,clara.jimenez@empresa.ghi,0123-6789,228.649,2020-09-13,25,Resistencia,Argentina
P00145,Clara Jiménez Cooperativa,33-45678901-2,Agroindustria,4,Clara Jiménez,clara.jimenez@empresa.ghi,0123-6789,28.845,2020-11-04,25,Resistencia,Argentina
P00145,Clara Jiménez Cooperativa,33-45678901-2,Agroindustria,4,Clara Jiménez,clara.jimenez@empresa.ghi,0123-6789,28.845,2021-02-16,25,Resistencia,Argentina
P00145,Clara Jiménez Cooperativa,33-45678901-2,Agroindustria,4,Clara Jiménez,clara.jimenez@empresa.ghi,0123-6789,61.059,2021-02-01,25,Resistencia,Argentina
P00145,Clara Jiménez Cooperativa,33-45678901-2,Agroindustria,4,Clara Jiménez,clara.jimenez@empresa.ghi,0123-6789,268.049,2022-10-01,25,Resistencia,Argentina
P00146,Eduardo Reyes S.A.,20-56789012-5,Tecnología,2,Eduardo Reyes,eduardo.reyes@empresa.jkl,0345-6789,44.782,2020-03-17,27,Formosa,Argentina
P00146,Eduardo Reyes S.A.,20-56789012-5,Tecnología,2,Eduardo Reyes,eduardo.reyes@empresa.jkl,0345-6789,36.878,2020-06-16,27,Formosa,Argentina
P00146,Eduardo Reyes S.A.,20-56789012-5,Tecnología,2,Eduardo Reyes,eduardo.reyes@empresa.jkl,0345-6789,47.698,2020-09-16,27,Formosa,Argentina
P00146,Eduardo Reyes S.A.,20-56789012-5,Tecnología,2,Eduardo Reyes,eduardo.reyes@empresa.jkl,0345-6789,298.913,2020-11-07,27,Formosa,Argentina
P00146,Eduardo Reyes S.A.,20-56789012-5,Tecnología,2,Eduardo Reyes,eduardo.reyes@empresa.jkl,0345-6789,11.442,2021-02-19,27,Formosa,Argentina
P00146,Eduardo Reyes S.A.,20-56789012-5,Tecnología,2,Eduardo Reyes,eduardo.reyes@empresa.jkl,0345-6789,183.119,2021-02-04,27,Formosa,Argentina
P00146,Eduardo Reyes S.A.,20-56789012-5,Tecnología,2,Eduardo Reyes,eduardo.reyes@empresa.jkl,0345-6789,229.698,2022-10-04,27,Formosa,Argentina
P00147,Laura Castillo S.R.L.,30-67890123-6,Energía Solar,4,Laura Castillo,laura.castillo@empresa.mno,0456-7890,195.892,2020-03-20,19,Santiago del Estero,Argentina
P00147,Laura Castillo S.R.L.,30-67890123-6,Energía Solar,4,Laura Castillo,laura.castillo@empresa.mno,0456-7890,113.452,2020-06-19,19,Santiago del Estero,Argentina
P00147,Laura Castillo S.R.L.,30-67890123-6,Energía Solar,4,Laura Castillo,laura.castillo@empresa.mno,0456-7890,20.782,2020-09-19,19,Santiago del Estero,Argentina
P00147,Laura Castillo S.R.L.,30-67890123-6,Energía Solar,4,Laura Castillo,laura.castillo@empresa.mno,0456-7890,10.509,2020-11-10,19,Santiago del Estero,Argentina
P00147,Laura Castillo S.R.L.,30-67890123-6,Energía Solar,4,Laura Castillo,laura.castillo@empresa.mno,0456-7890,10.587,2021-02-22,19,Santiago del Estero,Argentina
P00147,Laura Castillo S.R.L.,30-67890123-6,Energía Solar,4,Laura Castillo,laura.castillo@empresa.mno,0456-7890,202.693,2021-02-07,19,Santiago del Estero,Argentina
P00147,Laura Castillo S.R.L.,30-67890123-6,Energía Solar,4,Laura Castillo,laura.castillo@empresa.mno,0456-7890,102.297,2022-10-07,19,Santiago del Estero,Argentina
P00148,Alejandro Rivas S.A.,27-78901234-9,Transporte,2,Alejandro Rivas,alejandro.rivas@empresa.pqr,0567-8901,108.357,2020-03-23,20,Río Cuarto,Argentina
P00148,Alejandro Rivas S.A.,27-78901234-9,Transporte,2,Alejandro Rivas,alejandro.rivas@empresa.pqr,0567-8901,280.161,2020-06-22,20,Río Cuarto,Argentina
P00148,Alejandro Rivas S.A.,27-78901234-9,Transporte,2,Alejandro Rivas,alejandro.rivas@empresa.pqr,0567-8901,138.216,2020-09-22,20,Río Cuarto,Argentina
P00148,Alejandro Rivas S.A.,27-78901234-9,Transporte,2,Alejandro Rivas,alejandro.rivas@empresa.pqr,0567-8901,239.084,2020-11-13,20,Río Cuarto,Argentina
P00148,Alejandro Rivas S.A.,27-78901234-9,Transporte,2,Alejandro Rivas,alejandro.rivas@empresa.pqr,0567-8901,13.02,2021-02-25,20,Río Cuarto,Argentina
P00148,Alejandro Rivas S.A.,27-78901234-9,Transporte,2,Alejandro Rivas,alejandro.rivas@empresa.pqr,0567-8901,26.156,2021-02-10,20,Río Cuarto,Argentina
P00148,Alejandro Rivas S.A.,27-78901234-9,Transporte,2,Alejandro Rivas,alejandro.rivas@empresa.pqr,0567-8901,24.358,2022-10-10,20,Río Cuarto,Argentina
P00149,Verónica Martínez S.R.L.,23-89012346-2,Construcción,4,Verónica Martínez,veronica.martinez@empresa.stu,0678-9012,221.537,2020-03-26,38,Buenos Aires,Argentina
P00149,Verónica Martínez S.R.L.,23-89012346-2,Construcción,4,Verónica Martínez,veronica.martinez@empresa.stu,0678-9012,164.567,2020-06-25,38,Buenos Aires,Argentina
P00149,Verónica Martínez S.R.L.,23-89012346-2,Construcción,4,Verónica Martínez,veronica.martinez@empresa.stu,0678-9012,91.071,2020-09-25,38,Buenos Aires,Argentina
P00149,Verónica Martínez S.R.L.,23-89012346-2,Construcción,4,Verónica Martínez,veronica.martinez@empresa.stu,0678-9012,98.759,2020-11-16,38,Buenos Aires,Argentina
P00149,Verónica Martínez S.R.L.,23-89012346-2,Construcción,4,Verónica Martínez,veronica.martinez@empresa.stu,0678-9012,217.8,2021-02-28,38,Buenos Aires,Argentina
P00149,Verónica Martínez S.R.L.,23-89012346-2,Construcción,4,Verónica Martínez,veronica.martinez@empresa.stu,0678-9012,295.351,2021-02-13,38,Buenos Aires,Argentina
P00149,Verónica Martínez S.R.L.,23-89012346-2,Construcción,4,Verónica Martínez,veronica.martinez@empresa.stu,0678-9012,165.797,2022-10-13,38,Buenos Aires,Argentina
P00150,Gabriel López Cooperativa,33-90123456-3,Agroindustria,2,Gabriel López,gabriel.lopez@empresa.uvw,0789-0123,277.194,2020-03-29,25,Villa María,Argentina
P00150,Gabriel López Cooperativa,33-90123456-3,Agroindustria,2,Gabriel López,gabriel.lopez@empresa.uvw,0789-0123,137.527,2020-06-28,25,Villa María,Argentina
P00150,Gabriel López Cooperativa,33-90123456-3,Agroindustria,2,Gabriel López,gabriel.lopez@empresa.uvw,0789-0123,157.821,2020-09-28,25,Villa María,Argentina
P00150,Gabriel López Cooperativa,33-90123456-3,Agroindustria,2,Gabriel López,gabriel.lopez@empresa.uvw,0789-0123,22.735,2020-11-19,25,Villa María,Argentina
P00150,Gabriel López Cooperativa,33-90123456-3,Agroindustria,2,Gabriel López,gabriel.lopez@empresa.uvw,0789-0123,268.049,2021-03-01,25,Villa María,Argentina
P00150,Gabriel López Cooperativa,33-90123456-3,Agroindustria,2,Gabriel López,gabriel.lopez@empresa.uvw,0789-0123,195.051,2021-02-16,25,Villa María,Argentina
P00150,Gabriel López Cooperativa,33-90123456-3,Agroindustria,2,Gabriel López,gabriel.lopez@empresa.uvw,0789-0123,260.964,2022-10-16,25,Villa María,Argentina
