Número Proveedor,Nombre Proveedor,Nombre Proveedor,CUIT,Categor/a Proveedor,tipo_contribuyente_id,Contacto,Correo Electrónico,Teléfono,Razón Social,Importe,Fecha,nro_cuenta_id,Ciudad,Pais
D00011,Javier López S.A.,Javier López,30-65432198-7,AGENTE /IMPOSITIVO,4,Javier López,javier.lopez@correo.zom,1234-5678,S.A.,$117.106,04/06/2024,38,,Argentina
D00030,Constructora Beta S.R.L.,Constructora Beta,30-32165499-3,SERVICIOS,5,Ricardo Martínez,ricardo.martinez@empresa.zom,0123-4567,S.R.L.,$23.335,07/01/2024,21,,Argentina
D00037,Distribuciones AB S.A.,Distribuciones AB,30-97531245-9,MATERIALES,5,Gabriela Ruiz,gabriela.ruiz@correo.com,7890-1234,S.A.,$75.330,08/03/2024,24,,Argentina
D00048,Estudio Jurídico Beta S.R.L.,Estudio Jurídico Beta,,MATERIALES,4,Estudio Jurídico,estudio.juridico@correo.zom,8901-2345,S.R.L.,$204.368,19/04/2024,21,,Argentina
D00053,Estudio Jurídico Zeta S.A.,Estudio Jurídico Zeta,30-12345678-5,SERVICIOS,5,Estudio Jurídico,estudio.zeta@correo.com,3456-7890,S.A.,$164.873,03/01/2024,19,,Argentina
D00055,Servicios Alpha S.A.,Servicios Alpha,30-24681360-6,SERVICIOS,5,Servicios Alpha,servicios.alpha@correo.zom,5678-9012,S.A.,$55.617,15/03/2024,24,,Argentina
P00001,Proveedora S.A.,Proveedora S.A.,30-12345678-9,SERVICIOS,5,Juan Pérez,juan.perez@empresa.com,1234-5678,S.A.,$189.954,18/03/2024,19,Buenos Aires,Argentina
P00002,Pedro González S.R.L.,Pedro González,30-87654321-0,SERVICIOS,4,Pedro González,pedro.gonzalez@correo.zom,2345-6789,S.R.L.,$18.521,08/02/2024,21,Cordoba,Argentina
P00003,Empresa XYZ S.A.,Empresa XYZ,30-13579246-3,MATERIALES,5,María López,maria.lopez@empresa.com,3456-7890,S.A.,$139.687,18/01/2024,24,Rosario,Argentina
P00004,Servicios AB S.R.L.,Servicios AB,30-24681357-2,AGENTE /IMPOSITIVO,5,Laura Ruiz,laura.ruiz@correo.zom,AR4567-8901,S.R.L.,$72.357,09/03/2024,27,Mendoza,Argentina
P00005,Carlos Méndez S.A.,Carlos Méndez,30123456789,SERVICIOS,4,Carlos Méndez,carlos.mendez@correo.com,5678-9012,S.A.,$173.227,28/03/2024,36,Buenos Aires,Argentina
P00005,Carlos Méndez S.A.,Carlos Méndez,30123456789,SERVICIOS,4,Carlos Méndez,carlos.mendez@correo.com,5678-9012,S.A.,$30.808,14/04/2024,38,Buenos Aires,Argentina
P00006,Grupo Alfa S.R.L.,Grupo Alfa,30-97531246-1,SERVICIOS,5,Alberto Fernández,alberto.fernandez@empresa.zom,6789-0123,S.R.L.,$150.678,09/01/2024,19,San Miguel de Tucumán,Argentina
P00007,Ana Sánchez S.A.,Ana Sánchez,30-19283746-4,SERVICIOS,5,Ana Sánchez,ana.sanchez@correo.com,7890-1234,S.A.,$101.603,06/05/2024,21,Mar del Plata,Argentina
P00008,Compañía Beta S.R.L.,Compañía Beta,30-74859632-7,AGENTE /IMPOSITIVO,4,Laura Martínez,laura.martinez@empresa.zom,8901-2345,S.R.L.,$58.428,12/06/2024,24,La Plata,Argentina
P00008,Compañía Beta S.R.L.,Compañía Beta,30-74859632-7,AGENTE /IMPOSITIVO,4,Laura Martínez,laura.martinez@empresa.zom,8901-2345,S.R.L.,$283.772,21/01/2024,24,La Plata,Argentina
P00009,Fernando Gómez S.A.,Fernando Gómez,30-12345679-8,MATERIALES,5,Fernando Gómez,fernando.gomez@correo.zom,9012-3456,S.A.,$98.854,20/01/2024,27,Mendoza,Argentina
P00009,Fernando Gómez S.A.,Fernando Gómez,30-12345679-8,MATERIALES,5,Fernando Gómez,fernando.gomez@correo.zom,9012-3456,S.A.,$155.351,06/03/2024,27,Mendoza,Argentina
P00010,Soluciones Gama S.R.L.,Soluciones Gama,30-98765432-1,SERVICIOS,5,Javier Martínez,javier.martinez@empresa.com,0123-4567,S.R.L.,$28.033,28/01/2024,36,Mar del Plata,Argentina
P00010,Soluciones Gama S.R.L.,Soluciones Gama,30-98765432-1,SERVICIOS,5,Javier Martínez,javier.martinez@empresa.com,0123-4567,S.R.L.,$242.014,02/05/2024,36,Mar del Plata,Argentina
P00012,Proveedor Ltda. S.R.L.,Proveedor Ltda.,30-32165487-0,SERVICIOS,5,Natalia Gómez,natalia.gomez@empresa.com,2345-6789,S.R.L.,$29.110,09/04/2024,19,Salta,Argentina
P00012,Proveedor Ltda. S.R.L.,Proveedor Ltda.,30-32165487-0,SERVICIOS,5,Natalia Gómez,natalia.gomez@empresa.com,2345-6789,S.R.L.,$128.252,03/06/2024,19,Salta,Argentina
P00013,Repuestos Omega S.A.,Repuestos Omega,30-45678901-2,SERVICIOS,4,Sergio Castro,sergio.castro@correo.zom,3456-7890,S.A.,$165.070,14/04/2024,21,Santa Fe,Argentina
P00013,Repuestos Omega S.A.,Repuestos Omega,30-45678901-2,SERVICIOS,4,Sergio Castro,sergio.castro@correo.zom,3456-7890,S.A.,$168.452,01/02/2024,21,Santa Fe,Argentina
P00014,Estudio Jurídico Alfa S.R.L.,Estudio Jurídico Alfa,30-13579248-7,MATERIALES,5,María Hernández,maria.hernandez@correo.com,4567-8901,S.R.L.,$78.723,15/01/2024,24,San Juan,Argentina
P00014,Estudio Jurídico Alfa S.R.L.,Estudio Jurídico Alfa,30-13579248-7,MATERIALES,5,María Hernández,maria.hernandez@correo.com,4567-8901,S.R.L.,$248.954,19/06/2024,24,San Juan,Argentina
P00015,Rosa Pérez S.A.,Rosa Pérez,30-24681358-6,AGENTE /IMPOSITIVO,5,Rosa Pérez,rosa.perez@correo.zom,5678-9012,S.A.,$115.620,24/05/2024,27,Buenos Aires,Argentina
P00015,Rosa Pérez S.A.,Rosa Pérez,30-24681358-6,AGENTE /IMPOSITIVO,5,Rosa Pérez,rosa.perez@correo.zom,5678-9012,S.A.,$234.322,19/05/2024,27,Buenos Aires,Argentina
P00016,Marketing Global S.R.L.,Marketing Global,30-97531247-8,SERVICIOS,5,Gabriela Gómez,gabriela.gomez@empresa.com,AR6789-0123,S.R.L.,$234.752,09/04/2024,36,Neuquén,Argentina
P00016,Marketing Global S.R.L.,Marketing Global,30-97531247-8,SERVICIOS,5,Gabriela Gómez,gabriela.gomez@empresa.com,AR6789-0123,S.R.L.,$158.655,10/04/2024,36,Neuquén,Argentina
P00017,Julio Fernández S.A.,Julio Fernández,30-86430976-9,MATERIALES,4,Julio Fernández,julio.fernandez@correo.zom,7890-1234,S.A.,$121.086,01/05/2024,38,Rio Gallegos,Argentina
P00017,Julio Fernández S.A.,Julio Fernández,30-86430976-9,MATERIALES,4,Julio Fernández,julio.fernandez@correo.zom,7890-1234,S.A.,$252.040,05/03/2024,38,Rio Gallegos,Argentina
P00018,Consultora Zeta S.R.L.,Consultora Zeta,30-19283747-0,SERVICIOS,5,Laura Sánchez,laura.sanchez@empresa.zom,8901-2345,S.R.L.,$62.378,03/01/2024,19,San Rafael,Argentina
P00018,Consultora Zeta S.R.L.,Consultora Zeta,30-19283747-0,SERVICIOS,5,Laura Sánchez,laura.sanchez@empresa.zom,8901-2345,S.R.L.,$299.795,04/02/2024,19,San Rafael,Argentina
P00019,Ana López S.A.,Ana López,30-32165498-1,SERVICIOS,5,Ana López,ana.lopez@correo.com,9012-3456,S.A.,$128.838,06/04/2024,21,,Argentina
P00019,Ana López S.A.,Ana López,30-32165498-1,SERVICIOS,5,Ana López,ana.lopez@correo.com,9012-3456,S.A.,$207.617,17/05/2024,21,,Argentina
P00020,Juegos del Norte S.R.L.,Juegos del Norte,30-45678902-3,MATERIALES,5,Pablo Fernández,pablo.fernandez@empresa.zom,0123-4567,S.R.L.,$122.127,17/03/2024,24,,Argentina
P00020,Juegos del Norte S.R.L.,Juegos del Norte,30-45678902-3,MATERIALES,5,Pablo Fernández,pablo.fernandez@empresa.zom,0123-4567,S.R.L.,$292.966,15/04/2024,24,,Argentina
P00021,Distribuciones ABC S.A.,Distribuciones ABC,30-65432199-4,SERVICIOS,4,Francisco Gómez,francisco.gomez@correo.zom,1234-5678,S.A.,$122.880,06/05/2024,27,,Argentina
P00021,Distribuciones ABC S.A.,Distribuciones ABC,30-65432199-4,SERVICIOS,4,Francisco Gómez,francisco.gomez@correo.zom,1234-5678,S.A.,$270.035,28/03/2024,27,,Argentina
P00022,Roberto Morales S.R.L.,Roberto Morales,30-98765431-5,AGENTE /IMPOSITIVO,5,Roberto Morales,roberto.morales@correo.com,2345-6789,S.R.L.,$229.012,10/06/2024,38,,Argentina
P00022,Roberto Morales S.R.L.,Roberto Morales,30-98765431-5,AGENTE /IMPOSITIVO,5,Roberto Morales,roberto.morales@correo.com,2345-6789,S.R.L.,$165.406,27/02/2024,36,,Argentina
P00022,Roberto Morales S.R.L.,Roberto Morales,30-98765431-5,AGENTE /IMPOSITIVO,5,Roberto Morales,roberto.morales@correo.com,2345-6789,S.R.L.,$174.615,14/03/2024,38,,Argentina
P00022,Roberto Morales S.R.L.,Roberto Morales,30-98765431-5,AGENTE /IMPOSITIVO,5,Roberto Morales,roberto.morales@correo.com,2345-6789,S.R.L.,$214.016,18/01/2024,36,,Argentina
P00023,Inversiones Sigma S.A.,Inversiones Sigma,30-12345670-6,SERVICIOS,5,Carlos Jiménez,carlos.jimenez@empresa.com,3456-7890,S.A.,$128.799,12/01/2024,19,,Argentina
P00023,Inversiones Sigma S.A.,Inversiones Sigma,30-12345670-6,SERVICIOS,5,Carlos Jiménez,carlos.jimenez@empresa.com,3456-7890,S.A.,$197.818,29/02/2024,19,,Argentina
P00024,Mariana Rodríguez S.R.L.,Mariana Rodríguez,30-87654330-7,SERVICIOS,4,Mariana Rodríguez,mariana.rodriguez@correo.zom,4567-8901,S.R.L.,$246.479,11/03/2024,21,,Argentina
P00024,Mariana Rodríguez S.R.L.,Mariana Rodríguez,30-87654330-7,SERVICIOS,4,Mariana Rodríguez,mariana.rodriguez@correo.zom,4567-8901,S.R.L.,$108.316,02/04/2024,21,,Argentina
P00025,Servicios Delta S.A.,Servicios Delta,30-13579249-8,AGENTE /IMPOSITIVO,5,Sergio García,sergio.garcia@empresa.zom,5678-9012,S.A.,$231.991,30/05/2024,24,,Argentina
P00025,Servicios Delta S.A.,Servicios Delta,30-13579249-8,AGENTE /IMPOSITIVO,5,Sergio García,sergio.garcia@empresa.zom,5678-9012,S.A.,$156.680,05/06/2024,24,,Argentina
P00026,Carlos López S.R.L.,Carlos López,30-24681359-9,MATERIALES,4,Carlos López,carlos.lopez@correo.com,6789-0123,S.R.L.,$92.650,09/01/2024,27,,Argentina
P00026,Carlos López S.R.L.,Carlos López,30-24681359-9,MATERIALES,4,Carlos López,carlos.lopez@correo.com,6789-0123,S.R.L.,$185.402,07/05/2024,27,,Argentina
P00027,Compañía Zeta S.A.,Compañía Zeta,30-97531248-0,SERVICIOS,5,Ana García,ana.garcia@empresa.com,7890-1234,S.A.,$24.710,29/02/2024,36,,Argentina
P00027,Compañía Zeta S.A.,Compañía Zeta,30-97531248-0,SERVICIOS,5,Ana García,ana.garcia@empresa.com,7890-1234,S.A.,$224.365,26/03/2024,36,,Argentina
P00028,Andrés Martínez S.R.L.,Andrés Martínez,30-86430977-1,MATERIALES,5,Andrés Martínez,andres.martinez@correo.zom,8901-2345,S.R.L.,$220.966,25/03/2024,38,,Argentina
P00028,Andrés Martínez S.R.L.,Andrés Martínez,30-86430977-1,MATERIALES,5,Andrés Martínez,andres.martinez@correo.zom,8901-2345,S.R.L.,$209.460,06/05/2024,38,,Argentina
P00029,Grupo Omega S.A.,Grupo Omega,30-19283748-2,SERVICIOS,4,Laura Fernández,laura.fernandez@correo.com,9012-3456,S.A.,$217.766,12/03/2024,19,,Argentina
P00031,María Gómez S.A.,María Gómez,30-45678903-4,MATERIALES,4,María Gómez,maria.gomez@correo.zom,1234-5678,S.A.,$209.204,20/01/2024,24,,Argentina
P00032,Repuestos Zeta S.R.L.,Repuestos Zeta,30-98765430-5,AGENTE /IMPOSITIVO,5,Roberto Ruiz,roberto.ruiz@empresa.zom,2345-6789,S.R.L.,$156.568,01/01/2024,27,,Argentina
P00033,Servicios S.A.,Servicios & Co.,30-12345679-0,SERVICIOS,4,Gabriela Sánchez,gabriela.sanchez@correo.zom,3456-7890,S.A.,$32.000,29/01/2024,36,,Argentina
P00033,Servicios S.A.,Servicios & Co.,30-12345679-0,SERVICIOS,4,Gabriela Sánchez,gabriela.sanchez@correo.zom,3456-7890,S.A.,$150.420,29/03/2024,36,,Argentina
P00034,Empresas S.R.L.,Empresas SRL,30-87654321-1,MATERIALES,5,Ana López,ana.lopez@empresa.zom,4567-8901,S.R.L.,$46.612,02/03/2024,38,,Argentina
P00035,Victor Pérez S.A.,Victor Pérez,30-13579246-7,SERVICIOS,4,Victor Pérez,victor.perez@correo.zom,5678-9012,S.A.,$212.855,18/05/2024,19,,Argentina
P00036,Consultora S.R.L.,Consultora S.A.,30-24681360-8,SERVICIOS,5,Marcela Martínez,marcela.martinez@empresa.zom,6789-0123,S.R.L.,$83.555,04/01/2024,21,,Argentina
P00038,Laura Fernández S.R.L.,Laura Fernández,30-86430978-0,SERVICIOS,4,Laura Fernández,laura.fernandez@empresa.zom,AR8901-2345,S.R.L.,$10.164,02/06/2024,27,,Argentina
P00039,Estudio Zeta S.A.,Estudio Zeta,30-19283749-1,AGENTE /IMPOSITIVO,5,Estudio Zeta,estudio.zeta@correo.zom,9012-3456,S.A.,$201.108,23/03/2024,36,,Argentina
P00040,Javier Martínez S.R.L.,Javier Martínez,30-32165488-2,MATERIALES,5,Javier Martínez,javier.martinez@correo.com,0123-4567,S.R.L.,$152.989,18/03/2024,38,,Argentina
P00041,Proveedora S.R.L.,Proveedora SRL,30-45678904-3,SERVICIOS,4,Proveedora SRL,proveedora.srl@empresa.zom,1234-5678,S.R.L.,$216.059,19/01/2024,19,,Argentina
P00042,Gabriela López S.R.L.,Gabriela López,30-98765433-4,MATERIALES,5,Gabriela López,gabriela.lopez@correo.zom,2345-6789,S.R.L.,$203.310,14/02/2024,21,,Argentina
P00043,Ricardo García S.A.,Ricardo García,30-12345679-5,AGENTE /IMPOSITIVO,4,Ricardo García,ricardo.garcia@empresa.zom,3456-7890,S.A.,$42.905,15/04/2024,24,,Argentina
P00044,Grupo Beta S.R.L.,Grupo Beta,30-87654322-6,SERVICIOS,5,María Rodríguez,maria.rodriguez@correo.zom,4567-8901,S.R.L.,$108.214,20/03/2024,27,,Argentina
P00045,Compañía Zeta S.A.,Compañía Zeta,30-13579247-7,MATERIALES,4,Gabriela Torres,gabriela.torres@empresa.com,5678-9012,S.A.,$121.389,29/06/2024,36,,Argentina
P00046,Pedro Ruiz S.R.L.,Pedro Ruiz,30-24681361-8,AGENTE /IMPOSITIVO,5,Pedro Ruiz,pedro.ruiz@correo.com,6789-0123,S.R.L.,$204.022,26/01/2024,38,,Argentina
P00047,Servicios S.R.L.,Servicios SRL,30-97531246-9,SERVICIOS,5,Servicios SRL,servicios.srl@empresa.zom,7890-1234,S.R.L.,$238.252,01/05/2024,19,,Argentina
P00049,Mariana García S.A.,Mariana García,30-19283750-1,AGENTE /IMPOSITIVO,5,Mariana García,mariana.garcia@correo.com,9012-3456,S.A.,$43.426,23/02/2024,24,,Argentina
P00050,Servicios Zeta S.R.L.,Servicios Zeta,30-32165499-2,SERVICIOS,4,Servicios Zeta,servicios.zeta@empresa.zom,0123-4567,S.R.L.,$184.371,04/01/2024,27,,Argentina
P00051,Gabriela Morales S.A.,Gabriela Morales,30-45678905-3,MATERIALES,5,Gabriela Morales,gabriela.morales@correo.zom,AR1234-5678,S.A.,$142.460,17/03/2024,36,,Argentina
P00052,Pedro Sánchez S.R.L.,Pedro Sánchez,30-98765434-4,AGENTE /IMPOSITIVO,4,Pedro Sánchez,pedro.sanchez@correo.zom,2345-6789,S.R.L.,$153.937,18/02/2024,38,,Argentina
P00054,Claudia Ruiz S.R.L.,Claudia Ruiz,30-87654322-5,MATERIALES,4,Claudia Ruiz,claudia.ruiz@empresa.zom,4567-8901,S.R.L.,$40.126,08/01/2024,21,,Argentina
P00056,Repuestos S.R.L.,Repuestos S.A.,30-97531249-7,MATERIALES,4,Roberto Díaz,roberto.diaz@correo.zom,6789-0123,S.R.L.,$71.853,02/05/2024,27,,Argentina
P00057,Consultora Beta S.A.,Consultora Beta,30-13579248-8,AGENTE /IMPOSITIVO,5,Consultora Beta,consultora.beta@empresa.zom,7890-1234,S.A.,$51.264,12/04/2024,36,,Argentina
P00058,Alejandro Martínez S.R.L.,Alejandro Martínez,30-86430980-9,SERVICIOS,4,Alejandro Martínez,alejandro.martinez@correo.com,8901-2345,S.R.L.,$144.695,19/02/2024,38,,Argentina
P00059,Proveedores S.R.L.,Proveedores SRL,30-19283751-0,SERVICIOS,5,Proveedores SRL,proveedores.srl@empresa.zom,9012-3456,S.R.L.,$117.707,29/01/2024,19,,Argentina
P00060,Roberto Pérez S.R.L.,Roberto Pérez,30-32165488-1,AGENTE /IMPOSITIVO,4,Roberto Pérez,roberto.perez@correo.zom,0123-4567,S.R.L.,$85.688,06/01/2024,24,,Argentina
P00060,Roberto Pérez S.R.L.,Roberto Pérez,30-32165488-1,AGENTE /IMPOSITIVO,4,Roberto Pérez,roberto.perez@correo.zom,0123-4567,S.R.L.,$24.035,27/02/2024,21,,Argentina
P00061,Servicios Zeta S.A.,Servicios Zeta S.A.,30-45678906-2,SERVICIOS,5,Servicios Zeta,servicios.zeta@empresa.com,AR1234-5678,S.A.,$153.273,14/02/2024,27,,Argentina
P00062,Ana Gómez S.R.L.,Ana Gómez,30-98765435-3,MATERIALES,4,Ana Gómez,ana.gomez@correo.com,2345-6789,S.R.L.,$188.554,17/06/2024,36,,Argentina
P00063,Grupo S.R.L.,Grupo SRL,30-13579249-4,AGENTE /IMPOSITIVO,5,Grupo SRL,grupo.srl@empresa.zom,3456-7890,S.R.L.,$112.835,22/02/2024,38,,Argentina
P00064,Consultora S.R.L.,Consultora S.A.S.,30-24681362-5,SERVICIOS,4,Consultora S.A.S.,consultora@correo.com,4567-8901,S.R.L.,$146.153,29/02/2024,19,,Argentina
P00065,Servicios Beta S.A.,Servicios Beta,30-97531250-6,MATERIALES,5,Laura Gómez,laura.gomez@empresa.zom,5678-9012,S.A.,$45.663,05/01/2024,21,,Argentina
P00066,Marta López S.R.L.,Marta López,30-86430981-7,SERVICIOS,4,Marta López,marta.lopez@correo.zom,6789-0123,S.R.L.,$158.588,13/03/2024,24,,Argentina
P00067,Estudio Jurídico S.A.,Estudio Jurídico S.A.,30-19283752-8,MATERIALES,5,Estudio Jurídico,estudio.juridico@correo.com,7890-1234,S.A.,$15.039,13/05/2024,27,,Argentina
P00068,Roberto Morales S.R.L.,Roberto Morales,30-32165489-9,AGENTE /IMPOSITIVO,4,Roberto Morales,roberto.morales@correo.zom,8901-2345,S.R.L.,$84.567,27/03/2024,36,,Argentina
P00069,Proveedores Beta S.A.,Proveedores Beta,30-45678907-0,SERVICIOS,5,Proveedores Beta,proveedores.beta@empresa.zom,9012-3456,S.A.,$123.157,21/06/2024,38,,Argentina
P00070,Mariana López S.R.L.,Mariana López,30-98765436-1,SERVICIOS,4,Mariana López,mariana.lopez@correo.zom,0123-4567,S.R.L.,$66.873,11/03/2024,19,,Argentina
P00071,Servicios Gamma S.A.,Servicios Gamma,30-13579250-2,AGENTE /IMPOSITIVO,5,Servicios Gamma,servicios.gamma@correo.zom,1234-5678,S.A.,$202.261,03/03/2024,21,,Argentina
P00072,Estudio Consultores S.R.L.,Estudio Consultores,30-24681363-3,SERVICIOS,4,Estudio Consultores,estudio.consultores@empresa.zom,2345-6789,S.R.L.,$39.168,06/02/2024,24,,Argentina
P00073,Andrés García S.A.,Andrés García,30-97531251-4,MATERIALES,5,Andrés García,andres.garcia@correo.zom,3456-7890,S.A.,$24.573,13/06/2024,27,,Argentina
P00073,Andrés García S.A.,Andrés García,30-97531251-4,MATERIALES,5,Andrés García,andres.garcia@correo.zom,3456-7890,S.A.,$75.070,18/03/2024,27,,Argentina
P00074,Proveedora S.R.L.,Proveedora SRL,30-86430982-5,AGENTE /IMPOSITIVO,4,Proveedora SRL,proveedora.srl@correo.zom,4567-8901,S.R.L.,$86.825,04/06/2024,36,,Argentina
P00074,Proveedora S.R.L.,Proveedora SRL,30-86430982-5,AGENTE /IMPOSITIVO,4,Proveedora SRL,proveedora.srl@correo.zom,4567-8901,S.R.L.,$74.744,10/05/2024,36,,Argentina
P00075,Servicios Alpha S.A.,Servicios Alpha S.A.,30-19283753-6,SERVICIOS,5,Servicios Alpha,servicios.alpha@correo.zom,5678-9012,S.A.,$30.219,03/05/2024,38,,Argentina
P00075,Servicios Alpha S.A.,Servicios Alpha S.A.,30-19283753-6,SERVICIOS,5,Servicios Alpha,servicios.alpha@correo.zom,5678-9012,S.A.,$215.609,30/06/2024,38,,Argentina
P00076,Repuestos Beta S.R.L.,Repuestos Beta S.A.,30-32165490-7,SERVICIOS,4,Repuestos Beta,repuestos.beta@empresa.zom,6789-0123,S.R.L.,$79.911,10/05/2024,19,,Argentina
P00076,Repuestos Beta S.R.L.,Repuestos Beta S.A.,30-32165490-7,SERVICIOS,4,Repuestos Beta,repuestos.beta@empresa.zom,6789-0123,S.R.L.,$112.002,18/04/2024,19,,Argentina
P00077,Javier Rodríguez S.A.,Javier Rodríguez,30-45678908-8,SERVICIOS,5,Javier Rodríguez,javier.rodriguez@correo.com,7890-1234,S.A.,$111.243,22/03/2024,21,,Argentina
P00077,Javier Rodríguez S.A.,Javier Rodríguez,30-45678908-8,SERVICIOS,5,Javier Rodríguez,javier.rodriguez@correo.com,7890-1234,S.A.,$135.738,20/04/2024,21,,Argentina
P00078,Servicios Gamma S.R.L.,Servicios Gamma S.A.,30-97531252-9,MATERIALES,4,Servicios Gamma,servicios.gamma@correo.zom,8901-2345,S.R.L.,$143.033,08/04/2024,24,,Argentina
P00078,Servicios Gamma S.R.L.,Servicios Gamma S.A.,30-97531252-9,MATERIALES,4,Servicios Gamma,servicios.gamma@correo.zom,8901-2345,S.R.L.,$210.166,15/06/2024,24,,Argentina
P00079,Ana Morales S.A.A,Ana Morales,30-86430983-0,AGENTE /IMPOSITIVO,5,Ana Morales,ana.morales@correo.zom,9012-3456,S.A.A,$38.459,21/05/2024,27,,Argentina
P00079,Ana Morales S.A.A,Ana Morales,30-86430983-0,AGENTE /IMPOSITIVO,5,Ana Morales,ana.morales@correo.zom,9012-3456,S.A.A,$155.264,30/05/2024,27,,Argentina
P00080,Consultora Beta S.R.L.,Consultora Beta SRL,30-13579251-1,SERVICIOS,4,Consultora Beta,consultora.beta@correo.zom,0123-4567,S.R.L.,$248.564,22/06/2024,38,,Argentina
P00080,Consultora Beta S.R.L.,Consultora Beta SRL,30-13579251-1,SERVICIOS,4,Consultora Beta,consultora.beta@correo.zom,0123-4567,S.R.L.,$19.483,12/01/2024,36,,Argentina
P00080,Consultora Beta S.R.L.,Consultora Beta SRL,30-13579251-1,SERVICIOS,4,Consultora Beta,consultora.beta@correo.zom,0123-4567,S.R.L.,$228.756,16/02/2024,38,,Argentina
P00080,Consultora Beta S.R.L.,Consultora Beta SRL,30-13579251-1,SERVICIOS,4,Consultora Beta,consultora.beta@correo.zom,0123-4567,S.R.L.,$202.092,09/06/2024,36,,Argentina
P00081,Estudio Jurídico Zeta S.A.,Estudio Jurídico Zeta,30-24681364-2,SERVICIOS,5,Estudio Jurídico,estudio.zeta@correo.zom,1234-5678,S.A.,$98.664,01/04/2024,19,,Argentina
P00081,Estudio Jurídico Zeta S.A.,Estudio Jurídico Zeta,30-24681364-2,SERVICIOS,5,Estudio Jurídico,estudio.zeta@correo.zom,1234-5678,S.A.,$88.494,11/02/2024,19,,Argentina
P00082,Gabriela Torres S.R.L.,Gabriela Torres,30-97531253-3,SERVICIOS,4,Gabriela Torres,gabriela.torres@correo.com,2345-6789,S.R.L.,$130.478,16/05/2024,21,,Argentina
P00082,Gabriela Torres S.R.L.,Gabriela Torres,30-97531253-3,SERVICIOS,4,Gabriela Torres,gabriela.torres@correo.com,2345-6789,S.R.L.,$39.175,15/02/2024,21,,Argentina
P00083,Proveedora Gamma S.A.,Proveedora Gamma,30-86430984-4,MATERIALES,5,Proveedora Gamma,proveedora.gamma@empresa.zom,3456-7890,S.A.,$138.336,12/02/2024,24,,Argentina
P00083,Proveedora Gamma S.A.,Proveedora Gamma,30-86430984-4,MATERIALES,5,Proveedora Gamma,proveedora.gamma@empresa.zom,3456-7890,S.A.,$73.957,16/02/2024,24,,Argentina
P00084,Fernando Pérez S.R.L.,Fernando Pérez,30-19283754-5,SERVICIOS,4,Fernando Pérez,fernando.perez@correo.zom,4567-8901,S.R.L.,$202.128,12/02/2024,27,,Argentina
P00084,Fernando Pérez S.R.L.,Fernando Pérez,30-19283754-5,SERVICIOS,4,Fernando Pérez,fernando.perez@correo.zom,4567-8901,S.R.L.,$219.093,05/01/2024,27,,Argentina
P00085,Estudio Consultores S.A.A,Estudio Consultores,30-32165491-6,MATERIALES,5,Estudio Consultores,estudio.consultores@correo.com,5678-9012,S.A.A,$60.583,09/06/2024,36,,Argentina
P00085,Estudio Consultores S.A.A,Estudio Consultores,30-32165491-6,MATERIALES,5,Estudio Consultores,estudio.consultores@correo.com,5678-9012,S.A.A,$134.052,09/02/2024,36,,Argentina
P00086,Ana Gómez S.R.L.,Ana Gómez,30-45678909-7,SERVICIOS,4,Ana Gómez,ana.gomez@empresa.zom,6789-0123,S.R.L.,$110.248,28/02/2024,38,,Argentina
P00086,Ana Gómez S.R.L.,Ana Gómez,30-45678909-7,SERVICIOS,4,Ana Gómez,ana.gomez@empresa.zom,6789-0123,S.R.L.,$95.580,14/06/2024,38,,Argentina
P00087,Consultora Zeta S.R.L.,Consultora Zeta SRL,30-97531254-8,SERVICIOS,5,Consultora Zeta,consultora.zeta@correo.zom,7890-1234,S.R.L.,$171.619,19/03/2024,19,,Argentina
P00087,Consultora Zeta S.R.L.,Consultora Zeta SRL,30-97531254-8,SERVICIOS,5,Consultora Zeta,consultora.zeta@correo.zom,7890-1234,S.R.L.,$127.588,06/03/2024,19,,Argentina
P00088,Repuestos & Co. S.R.L.,Repuestos & Co.,,AGENTE /IMPOSITIVO,4,Repuestos & Co.,repuestos.co@correo.zom,8901-2345,S.R.L.,$165.876,06/05/2024,21,,Argentina
P00088,Repuestos & Co. S.R.L.,Repuestos & Co.,,AGENTE /IMPOSITIVO,4,Repuestos & Co.,repuestos.co@correo.zom,8901-2345,S.R.L.,$161.283,17/05/2024,21,,Argentina
P00089,Mariana Morales S.A.,Mariana Morales,30-13579252-0,SERVICIOS,5,Mariana Morales,mariana.morales@correo.com,9012-3456,S.A.,$243.339,18/01/2024,24,,Argentina
P00089,Mariana Morales S.A.,Mariana Morales,30-13579252-0,SERVICIOS,5,Mariana Morales,mariana.morales@correo.com,9012-3456,S.A.,$160.810,25/01/2024,24,,Argentina
P00090,Servicios Consultora S.R.L.,Servicios Consultora,,MATERIALES,4,Servicios Consultora,servicios.consultora@empresa.zom,0123-4567,S.R.L.,$247.318,06/03/2024,27,,Argentina
P00090,Servicios Consultora S.R.L.,Servicios Consultora,,MATERIALES,4,Servicios Consultora,servicios.consultora@empresa.zom,0123-4567,S.R.L.,$140.396,03/03/2024,27,,Argentina
P00091,Pedro Morales S.A.,Pedro Morales,30-97531255-2,AGENTE /IMPOSITIVO,5,Pedro Morales,pedro.morales@correo.zom,1234-5678,S.A.,$193.959,18/04/2024,36,,Argentina
P00091,Pedro Morales S.A.,Pedro Morales,30-97531255-2,AGENTE /IMPOSITIVO,5,Pedro Morales,pedro.morales@correo.zom,1234-5678,S.A.,$209.036,29/06/2024,36,,Argentina
P00092,Consultora Zeta S.R.L.,Consultora Zeta,30-86430986-3,SERVICIOS,4,Consultora Zeta,consultora.zeta@empresa.zom,2345-6789,S.R.L.,$19.014,19/01/2024,38,,Argentina
P00092,Consultora Zeta S.R.L.,Consultora Zeta,30-86430986-3,SERVICIOS,4,Consultora Zeta,consultora.zeta@empresa.zom,2345-6789,S.R.L.,$204.823,22/02/2024,38,,Argentina
P00093,Servicios Proveedores S.A.,Servicios Proveedores,30-13579253-4,SERVICIOS,5,Servicios Proveedores,servicios.proveedores@correo.zom,3456-7890,S.A.,$151.263,27/06/2024,19,,Argentina
P00093,Servicios Proveedores S.A.,Servicios Proveedores,30-13579253-4,SERVICIOS,5,Servicios Proveedores,servicios.proveedores@correo.zom,3456-7890,S.A.,$135.868,09/01/2024,19,,Argentina
P00094,Gabriela Martínez S.R.L.,Gabriela Martínez,30-24681366-5,AGENTE /IMPOSITIVO,4,Gabriela Martínez,gabriela.martinez@empresa.zom,4567-8901,S.R.L.,$220.046,02/03/2024,21,,Argentina
P00094,Gabriela Martínez S.R.L.,Gabriela Martínez,30-24681366-5,AGENTE /IMPOSITIVO,4,Gabriela Martínez,gabriela.martinez@empresa.zom,4567-8901,S.R.L.,$37.732,21/03/2024,21,,Argentina
P00095,Servicios Consultores S.A.,Servicios Consultores,30-97531256-6,SERVICIOS,5,Servicios Consultores,servicios.consultores@correo.com,5678-9012,S.A.,$176.507,30/03/2024,24,,Argentina
P00095,Servicios Consultores S.A.,Servicios Consultores,30-97531256-6,SERVICIOS,5,Servicios Consultores,servicios.consultores@correo.com,5678-9012,S.A.,$80.841,28/06/2024,24,,Argentina
P00096,Mariana Fernández S.R.L.,Mariana Fernández,30-86430987-7,MATERIALES,4,Mariana Fernández,mariana.fernandez@correo.com,6789-0123,S.R.L.,$197.447,04/03/2024,27,,Argentina
P00096,Mariana Fernández S.R.L.,Mariana Fernández,30-86430987-7,MATERIALES,4,Mariana Fernández,mariana.fernandez@correo.com,6789-0123,S.R.L.,$204.006,11/05/2024,27,,Argentina
P00097,Proveedora Consultora S.A.A,Proveedora Consultora,30-19283755-8,SERVICIOS,5,Proveedora Consultora,proveedora.consultora@empresa.zom,7890-1234,S.A.A,$56.026,16/03/2024,36,,Argentina
P00097,Proveedora Consultora S.A.A,Proveedora Consultora,30-19283755-8,SERVICIOS,5,Proveedora Consultora,proveedora.consultora@empresa.zom,7890-1234,S.A.A,$124.891,30/06/2024,36,,Argentina
P00098,Consultora Alpha S.R.L.,Consultora Alpha,30-32165492-9,MATERIALES,4,Consultora Alpha,consultora.alpha@correo.zom,8901-2345,S.R.L.,$158.472,04/04/2024,38,,Argentina
P00098,Consultora Alpha S.R.L.,Consultora Alpha,30-32165492-9,MATERIALES,4,Consultora Alpha,consultora.alpha@correo.zom,8901-2345,S.R.L.,$174.377,25/02/2024,38,,Argentina
P00099,Servicios Repuestos S.A.,Servicios Repuestos,30-45678910-0,SERVICIOS,5,Servicios Repuestos,servicios.repuestos@correo.com,9012-3456,S.A.,$229.885,26/05/2024,19,,Argentina
P00099,Servicios Repuestos S.A.,Servicios Repuestos,30-45678910-0,SERVICIOS,5,Servicios Repuestos,servicios.repuestos@correo.com,9012-3456,S.A.,$50.432,03/06/2024,19,,Argentina
P00100,Gabriela Morales S.R.L.,Gabriela Morales,30-98765437-1,MATERIALES,4,Gabriela Morales,gabriela.morales@empresa.zom,0123-4567,S.R.L.,$11.660,31/01/2024,21,,Argentina
P00100,Gabriela Morales S.R.L.,Gabriela Morales,30-98765437-1,MATERIALES,4,Gabriela Morales,gabriela.morales@empresa.zom,0123-4567,S.R.L.,$213.343,07/01/2024,21,,Argentina
P00001,Proveedora S.A.,Proveedora S.A.,30-12345678-9,SERVIC/OS,5,Juan Pérez,juan.perez@empresa.com,1234-5678,S.A.,$171.488,18/03/2024,19,Buenos Aires,Argentina
P00002,Pedro González S.R.L.,Pedro González,30-87654321-0,SERVIC/OS,4,Pedro González,pedro.gonzalez@correo.zom,2345-6789,S.R.L.,$288.255,08/02/2024,21,Cordoba,Argentina
P00003,Empresa XYZ S.A.,Empresa XYZ,30-13579246-3,MATER/IALES,5,María López,maria.lopez@empresa.com,3456-7890,S.A.,$195.975,18/01/2024,24,Rosario,Argentina
P00004,Servicios AB S.R.L.,Servicios AB,30-24681357-2,AGENTE /MPOSITIVO,5,Laura Ruiz,laura.ruiz@correo.zom,AR4567-8901,S.R.L.,$158.607,09/03/2024,27,Mendoza,Argentina
P00005,Carlos Méndez S.A.,Carlos Méndez,30-12345678-9,SERVIC/OS,4,Carlos Méndez,carlos.mendez@correo.com,5678-9012,S.A.,$238.101,28/03/2024,38,Buenos Aires,Argentina
P00005,Carlos Méndez S.A.,Carlos Méndez,30-12345678-9,SERVIC/OS,4,Carlos Méndez,carlos.mendez@correo.com,5678-9012,S.A.,$288.617,14/04/2024,38,Buenos Aires,Argentina
P00006,Grupo Alfa S.R.L.,Grupo Alfa,30-97531246-1,SERVIC/OS,5,Alberto Fernández,alberto.fernandez@empresa.zom,6789-0123,S.R.L.,$251.833,09/01/2024,19,San Miguel de Tucumán,Argentina
P00007,Ana Sánchez S.A.,Ana Sánchez,30-19283746-4,SERVIC/OS,5,Ana Sánchez,ana.sanchez@correo.com,7890-1234,S.A.,$235.688,06/05/2024,21,Mar del Plata,Argentina
P00008,Compañía Beta S.R.L.,Compañía Beta,30-74859632-7,AGENTE /MPOSITIVO,4,Laura Martínez,laura.martinez@empresa.zom,8901-2345,S.R.L.,$110.198,12/06/2024,24,La Plata,Argentina
P00008,Compañía Beta S.R.L.,Compañía Beta,30-74859632-7,AGENTE /MPOSITIVO,4,Laura Martínez,laura.martinez@empresa.zom,8901-2345,S.R.L.,$269.252,21/01/2024,24,La Plata,Argentina
P00009,Fernando Gómez S.A.,Fernando Gómez,30-12345679-8,MATER/IALES,5,Fernando Gómez,fernando.gomez@correo.zom,9012-3456,S.A.,$12.373,20/01/2024,27,Mendoza,Argentina
P00009,Fernando Gómez S.A.,Fernando Gómez,30-12345679-8,MATER/IALES,5,Fernando Gómez,fernando.gomez@correo.zom,9012-3456,S.A.,$151.274,06/03/2024,27,Mendoza,Argentina
P00010,Soluciones Gama S.R.L.,Soluciones Gama,30-98765432-1,SERVIC/OS,5,Javier Martínez,javier.martinez@empresa.com,0123-4567,S.R.L.,$101.610,28/01/2024,36,Mar del Plata,Argentina
P00010,Soluciones Gama S.R.L.,Soluciones Gama,30-98765432-1,SERVIC/OS,5,Javier Martínez,javier.martinez@empresa.com,0123-4567,S.R.L.,$273.713,02/05/2024,36,Mar del Plata,Argentina
P00011,Javier López S.A.,Javier López,30-65432198-7,AGENTE /MPOSITIVO,4,Javier López,javier.lopez@correo.zom,1234-5678,S.A.,$291.963,04/06/2024,38,Mar del Plata,Argentina
P00012,Proveedor Ltda. S.R.L.,Proveedor Ltda.,30-32165487-0,SERVIC/OS,5,Natalia Gómez,natalia.gomez@empresa.com,2345-6789,S.R.L.,$224.379,09/04/2024,19,Salta,Argentina
P00012,Proveedor Ltda. S.R.L.,Proveedor Ltda.,30-32165487-0,SERVIC/OS,5,Natalia Gómez,natalia.gomez@empresa.com,2345-6789,S.R.L.,$153.447,03/06/2024,19,Salta,Argentina
P00013,Repuestos Omega S.A.,Repuestos Omega,30-45678901-2,SERVIC/OS,4,Sergio Castro,sergio.castro@correo.zom,3456-7890,S.A.,$79.543,14/04/2024,21,Santa Fe,Argentina
P00013,Repuestos Omega S.A.,Repuestos Omega,30-45678901-2,SERVIC/OS,4,Sergio Castro,sergio.castro@correo.zom,3456-7890,S.A.,$41.665,01/02/2024,21,Santa Fe,Argentina
P00014,Estudio Jurídico Alfa S.R.L.,Estudio Jurídico Alfa,30135792487,MATER/IALES,5,María Hernández,maria.hernandez@correo.com,4567-8901,S.R.L.,$58.494,15/01/2024,24,San Juan,Argentina
P00014,Estudio Jurídico Alfa S.R.L.,Estudio Jurídico Alfa,30135792487,MATER/IALES,5,María Hernández,maria.hernandez@correo.com,4567-8901,S.R.L.,$218.705,19/06/2024,24,San Juan,Argentina
P00015,Rosa Pérez S.A.,Rosa Pérez,30-24681358-6,AGENTE /MPOSITIVO,5,Rosa Pérez,rosa.perez@correo.zom,5678-9012,S.A.,$35.574,24/05/2024,27,Buenos Aires,Argentina
P00015,Rosa Pérez S.A.,Rosa Pérez,30-24681358-6,AGENTE /MPOSITIVO,5,Rosa Pérez,rosa.perez@correo.zom,5678-9012,S.A.,$26.434,19/05/2024,27,Buenos Aires,Argentina
P00016,Marketing Global S.R.L.,Marketing Global,30-97531247-8,SERVIC/OS,5,Gabriela Gómez,gabriela.gomez@empresa.com,AR6789-0123,S.R.L.,$295.412,09/04/2024,36,Neuquén,Argentina
P00016,Marketing Global S.R.L.,Marketing Global,30-97531247-8,SERVIC/OS,5,Gabriela Gómez,gabriela.gomez@empresa.com,AR6789-0123,S.R.L.,$128.265,10/04/2024,36,Neuquén,Argentina
P00017,Julio Fernández S.A.,Julio Fernández,30-86430976-9,MATER/IALES,4,Julio Fernández,julio.fernandez@correo.zom,7890-1234,S.A.,$136.358,01/05/2024,38,Rio Gallegos,Argentina
P00017,Julio Fernández S.A.,Julio Fernández,30-86430976-9,MATER/IALES,4,Julio Fernández,julio.fernandez@correo.zom,7890-1234,S.A.,$288.537,05/03/2024,38,Rio Gallegos,Argentina
P00018,Consultora Zeta S.R.L.,Consultora Zeta,30-19283747-0,SERVIC/OS,5,Laura Sánchez,laura.sanchez@empresa.zom,8901-2345,S.R.L.,$122.441,03/01/2024,19,San Rafael,Argentina
P00018,Consultora Zeta S.R.L.,Consultora Zeta,30-19283747-0,SERVIC/OS,5,Laura Sánchez,laura.sanchez@empresa.zom,8901-2345,S.R.L.,$133.962,04/02/2024,19,San Rafael,Argentina
P00101,Luis Martínez S.R.L.,Luis Martínez,20-12345678-9,Tecnología,4,Luis Martínez,luis.martinez@empresa.xyz,0111-2345,S.R.L.,$109.470,01/01/2019,27,Buenos Aires,Argentina
P00101,Luis Martínez S.R.L.,Luis Martínez,20-12345678-9,Tecnología,4,Luis Martínez,luis.martinez@empresa.xyz,0111-2345,S.R.L.,$211.512,28/03/2019,27,Buenos Aires,Argentina
P00101,Luis Martínez S.R.L.,Luis Martínez,20-12345678-9,Tecnología,4,Luis Martínez,luis.martinez@empresa.xyz,0111-2345,S.R.L.,$115.392,28/05/2019,27,Buenos Aires,Argentina
P00101,Luis Martínez S.R.L.,Luis Martínez,20-12345678-9,Tecnología,4,Luis Martínez,luis.martinez@empresa.xyz,0111-2345,S.R.L.,$66.906,07/01/2021,27,Buenos Aires,Argentina
P00101,Luis Martínez S.R.L.,Luis Martínez,20-12345678-9,Tecnología,4,Luis Martínez,luis.martinez@empresa.xyz,0111-2345,S.R.L.,$149.277,7/10/2020,27,Buenos Aires,Argentina
P00101,Luis Martínez S.R.L.,Luis Martínez,20-12345678-9,Tecnología,4,Luis Martínez,luis.martinez@empresa.xyz,0111-2345,S.R.L.,$164.820,01/01/2023,27,Buenos Aires,Argentina
P00101,Luis Martínez S.R.L.,Luis Martínez,20-12345678-9,Tecnología,4,Luis Martínez,luis.martinez@empresa.xyz,0111-2345,S.R.L.,$84.017,7/10/2023,27,Buenos Aires,Argentina
P00102,Ana Rodríguez S.A.,Ana Rodríguez,30-98765432-5,Consultoría,2,Ana Rodríguez,ana.rodriguez@empresa.abc,0123-5678,S.A.,$12.770,03/01/2019,19,Bahía Blanca,Argentina
P00102,Ana Rodríguez S.A.,Ana Rodríguez,30-98765432-5,Consultoría,2,Ana Rodríguez,ana.rodriguez@empresa.abc,0123-5678,S.A.,$279.575,01/04/2019,19,Bahía Blanca,Argentina
P00102,Ana Rodríguez S.A.,Ana Rodríguez,30-98765432-5,Consultoría,2,Ana Rodríguez,ana.rodriguez@empresa.abc,0123-5678,S.A.,$229.019,01/06/2019,19,Bahía Blanca,Argentina
P00102,Ana Rodríguez S.A.,Ana Rodríguez,30-98765432-5,Consultoría,2,Ana Rodríguez,ana.rodriguez@empresa.abc,0123-5678,S.A.,$277.032,10/01/2021,19,Bahía Blanca,Argentina
P00102,Ana Rodríguez S.A.,Ana Rodríguez,30-98765432-5,Consultoría,2,Ana Rodríguez,ana.rodriguez@empresa.abc,0123-5678,S.A.,$170.554,10/10/2020,19,Bahía Blanca,Argentina
P00102,Ana Rodríguez S.A.,Ana Rodríguez,30-98765432-5,Consultoría,2,Ana Rodríguez,ana.rodriguez@empresa.abc,0123-5678,S.A.,$109.099,03/01/2023,19,Bahía Blanca,Argentina
P00102,Ana Rodríguez S.A.,Ana Rodríguez,30-98765432-5,Consultoría,2,Ana Rodríguez,ana.rodriguez@empresa.abc,0123-5678,S.A.,$120.929,10/10/2023,19,Bahía Blanca,Argentina
P00103,Carlos Fernández Cooperativa,Carlos Fernández,27-23456789-1,Energía Renovable,4,Carlos Fernández,carlos.fernandez@empresa.def,0345-6789,Cooperativa,$272.036,05/01/2019,19,Buenos Aires,Argentina
P00103,Carlos Fernández Cooperativa,Carlos Fernández,27-23456789-1,Energía Renovable,4,Carlos Fernández,carlos.fernandez@empresa.def,0345-6789,Cooperativa,$211.801,04/04/2019,19,Buenos Aires,Argentina
P00103,Carlos Fernández Cooperativa,Carlos Fernández,27-23456789-1,Energía Renovable,4,Carlos Fernández,carlos.fernandez@empresa.def,0345-6789,Cooperativa,$153.534,04/06/2019,19,Buenos Aires,Argentina
P00103,Carlos Fernández Cooperativa,Carlos Fernández,27-23456789-1,Energía Renovable,4,Carlos Fernández,carlos.fernandez@empresa.def,0345-6789,Cooperativa,$291.211,13/01/2021,19,Buenos Aires,Argentina
P00103,Carlos Fernández Cooperativa,Carlos Fernández,27-23456789-1,Energía Renovable,4,Carlos Fernández,carlos.fernandez@empresa.def,0345-6789,Cooperativa,$25.100,13/10/2020,19,Buenos Aires,Argentina
P00103,Carlos Fernández Cooperativa,Carlos Fernández,27-23456789-1,Energía Renovable,4,Carlos Fernández,carlos.fernandez@empresa.def,0345-6789,Cooperativa,$136.125,05/01/2023,19,Buenos Aires,Argentina
P00103,Carlos Fernández Cooperativa,Carlos Fernández,27-23456789-1,Energía Renovable,4,Carlos Fernández,carlos.fernandez@empresa.def,0345-6789,Cooperativa,$151.245,13/10/2023,19,Buenos Aires,Argentina
P00104,María González S.R.L.,María González,23-45678901-3,Transporte,5,María González,maria.gonzalez@empresa.ghi,0678-3456,S.R.L.,$10.352,07/01/2019,20,Buenos Aires,Argentina
P00104,María González S.R.L.,María González,23-45678901-3,Transporte,5,María González,maria.gonzalez@empresa.ghi,0678-3456,S.R.L.,$199.434,07/04/2019,20,Buenos Aires,Argentina
P00104,María González S.R.L.,María González,23-45678901-3,Transporte,5,María González,maria.gonzalez@empresa.ghi,0678-3456,S.R.L.,$288.754,16/01/2021,20,Buenos Aires,Argentina
P00104,María González S.R.L.,María González,23-45678901-3,Transporte,5,María González,maria.gonzalez@empresa.ghi,0678-3456,S.R.L.,$241.670,07/01/2023,20,Buenos Aires,Argentina
P00105,Pedro López S.A.,Pedro López,33-56789012-4,Construcción,4,Pedro López,pedro.lopez@empresa.jkl,0765-4321,Sociedad Anónima,$291.670,10/01/2019,38,Santiago del Estero,Argentina
P00105,Pedro López S.A.,Pedro López,33-56789012-4,Construcción,4,Pedro López,pedro.lopez@empresa.jkl,0765-4321,Sociedad Anónima,$175.139,10/04/2019,38,Santiago del Estero,Argentina
P00105,Pedro López S.A.,Pedro López,33-56789012-4,Construcción,4,Pedro López,pedro.lopez@empresa.jkl,0765-4321,Sociedad Anónima,$140.691,19/01/2021,38,Santiago del Estero,Argentina
P00105,Pedro López S.A.,Pedro López,33-56789012-4,Construcción,4,Pedro López,pedro.lopez@empresa.jkl,0765-4321,Sociedad Anónima,$257.510,10/01/2023,38,Santiago del Estero,Argentina
P00106,Laura Pérez S.R.L.,Laura Pérez,20-87654321-2,Agroindustria,2,Laura Pérez,laura.perez@empresa.mno,0889-7654,S.R.L.,$104.176,11/02/2019,25,Río Cuarto,Argentina
P00106,Laura Pérez S.R.L.,Laura Pérez,20-87654321-2,Agroindustria,2,Laura Pérez,laura.perez@empresa.mno,0889-7654,S.R.L.,$18.742,13/04/2019,25,Río Cuarto,Argentina
P00106,Laura Pérez S.R.L.,Laura Pérez,20-87654321-2,Agroindustria,2,Laura Pérez,laura.perez@empresa.mno,0889-7654,S.R.L.,$29.783,22/01/2021,25,Río Cuarto,Argentina
P00106,Laura Pérez S.R.L.,Laura Pérez,20-87654321-2,Agroindustria,2,Laura Pérez,laura.perez@empresa.mno,0889-7654,S.R.L.,$47.776,11/02/2023,25,Río Cuarto,Argentina
P00107,Javier Ramírez S.A.,Javier Ramírez,30-65432109-8,Tecnología,4,Javier Ramírez,javier.ramirez@empresa.pqr,0999-1234,S.A.,$64.042,14/02/2019,27,San Fernando del Valle de Catamarca,Argentina
P00107,Javier Ramírez S.A.,Javier Ramírez,30-65432109-8,Tecnología,4,Javier Ramírez,javier.ramirez@empresa.pqr,0999-1234,S.A.,$271.022,16/04/2019,27,San Fernando del Valle de Catamarca,Argentina
P00107,Javier Ramírez S.A.,Javier Ramírez,30-65432109-8,Tecnología,4,Javier Ramírez,javier.ramirez@empresa.pqr,0999-1234,S.A.,$269.442,25/01/2021,27,San Fernando del Valle de Catamarca,Argentina
P00107,Javier Ramírez S.A.,Javier Ramírez,30-65432109-8,Tecnología,4,Javier Ramírez,javier.ramirez@empresa.pqr,0999-1234,S.A.,$51.622,14/02/2023,27,San Fernando del Valle de Catamarca,Argentina
P00108,Claudia Sánchez Cooperativa,Claudia Sánchez,27-76543210-6,Energía Renovable,5,Claudia Sánchez,claudia.sanchez@empresa.stu,0777-5678,Cooperativa,$131.033,17/02/2019,19,Villa María,Argentina
P00108,Claudia Sánchez Cooperativa,Claudia Sánchez,27-76543210-6,Energía Renovable,5,Claudia Sánchez,claudia.sanchez@empresa.stu,0777-5678,Cooperativa,$166.866,19/04/2019,19,Villa María,Argentina
P00108,Claudia Sánchez Cooperativa,Claudia Sánchez,27-76543210-6,Energía Renovable,5,Claudia Sánchez,claudia.sanchez@empresa.stu,0777-5678,Cooperativa,$42.714,28/01/2021,19,Villa María,Argentina
P00108,Claudia Sánchez Cooperativa,Claudia Sánchez,27-76543210-6,Energía Renovable,5,Claudia Sánchez,claudia.sanchez@empresa.stu,0777-5678,Cooperativa,$130.133,17/02/2023,19,Villa María,Argentina
P00109,Daniel Morales S.R.L.,Daniel Morales,23-87654320-5,Transporte,4,Daniel Morales,daniel.morales@empresa.vwx,0555-4321,S.R.L.,$152.895,20/02/2019,20,San Luis,Argentina
P00109,Daniel Morales S.R.L.,Daniel Morales,23-87654320-5,Transporte,4,Daniel Morales,daniel.morales@empresa.vwx,0555-4321,S.R.L.,$230.465,22/04/2019,20,San Luis,Argentina
P00109,Daniel Morales S.R.L.,Daniel Morales,23-87654320-5,Transporte,4,Daniel Morales,daniel.morales@empresa.vwx,0555-4321,S.R.L.,$190.624,01/02/2021,20,San Luis,Argentina
P00109,Daniel Morales S.R.L.,Daniel Morales,23-87654320-5,Transporte,4,Daniel Morales,daniel.morales@empresa.vwx,0555-4321,S.R.L.,$232.698,20/02/2023,20,San Luis,Argentina
P00110,Gabriela Torres S.A.,Gabriela Torres,33-76543219-7,Construcción,2,Gabriela Torres,gabriela.torres@empresa.yza,0666-2345,Sociedad Anónima,$192.247,12/01/2019,38,Chaco,Argentina
P00110,Gabriela Torres S.A.,Gabriela Torres,33-76543219-7,Construcción,2,Gabriela Torres,gabriela.torres@empresa.yza,0666-2345,Sociedad Anónima,$215.535,23/02/2019,38,Chaco,Argentina
P00110,Gabriela Torres S.A.,Gabriela Torres,33-76543219-7,Construcción,2,Gabriela Torres,gabriela.torres@empresa.yza,0666-2345,Sociedad Anónima,$53.588,25/04/2019,38,Chaco,Argentina
P00110,Gabriela Torres S.A.,Gabriela Torres,33-76543219-7,Construcción,2,Gabriela Torres,gabriela.torres@empresa.yza,0666-2345,Sociedad Anónima,$198.463,04/02/2021,38,Chaco,Argentina
P00110,Gabriela Torres S.A.,Gabriela Torres,33-76543219-7,Construcción,2,Gabriela Torres,gabriela.torres@empresa.yza,0666-2345,Sociedad Anónima,$193.408,12/01/2023,38,Chaco,Argentina
P00110,Gabriela Torres S.A.,Gabriela Torres,33-76543219-7,Construcción,2,Gabriela Torres,gabriela.torres@empresa.yza,0666-2345,Sociedad Anónima,$175.620,23/02/2023,38,Chaco,Argentina
P00111,Jorge Herrera S.R.L.,Jorge Herrera,20-87654322-3,Agroindustria,4,Jorge Herrera,jorge.herrera@empresa.bcd,0123-9876,S.R.L.,$233.493,15/01/2019,25,Buenos Aires,Argentina
P00111,Jorge Herrera S.R.L.,Jorge Herrera,20-87654322-3,Agroindustria,4,Jorge Herrera,jorge.herrera@empresa.bcd,0123-9876,S.R.L.,$172.873,26/02/2019,25,Buenos Aires,Argentina
P00111,Jorge Herrera S.R.L.,Jorge Herrera,20-87654322-3,Agroindustria,4,Jorge Herrera,jorge.herrera@empresa.bcd,0123-9876,S.R.L.,$134.090,28/04/2019,25,Buenos Aires,Argentina
P00111,Jorge Herrera S.R.L.,Jorge Herrera,20-87654322-3,Agroindustria,4,Jorge Herrera,jorge.herrera@empresa.bcd,0123-9876,S.R.L.,$128.552,07/02/2021,25,Buenos Aires,Argentina
P00111,Jorge Herrera S.R.L.,Jorge Herrera,20-87654322-3,Agroindustria,4,Jorge Herrera,jorge.herrera@empresa.bcd,0123-9876,S.R.L.,$200.989,15/01/2023,25,Buenos Aires,Argentina
P00111,Jorge Herrera S.R.L.,Jorge Herrera,20-87654322-3,Agroindustria,4,Jorge Herrera,jorge.herrera@empresa.bcd,0123-9876,S.R.L.,$248.690,26/02/2023,25,Buenos Aires,Argentina
P00112,Silvia Ramírez S.A.,Silvia Ramírez,30-76543214-8,Tecnología,2,Silvia Ramírez,silvia.ramirez@empresa.efg,0999-2345,S.A.,$39.393,17/01/2019,27,San Nicolás,Argentina
P00112,Silvia Ramírez S.A.,Silvia Ramírez,30-76543214-8,Tecnología,2,Silvia Ramírez,silvia.ramirez@empresa.efg,0999-2345,S.A.,$202.116,01/03/2019,27,San Nicolás,Argentina
P00112,Silvia Ramírez S.A.,Silvia Ramírez,30-76543214-8,Tecnología,2,Silvia Ramírez,silvia.ramirez@empresa.efg,0999-2345,S.A.,$282.553,01/05/2019,27,San Nicolás,Argentina
P00112,Silvia Ramírez S.A.,Silvia Ramírez,30-76543214-8,Tecnología,2,Silvia Ramírez,silvia.ramirez@empresa.efg,0999-2345,S.A.,$143.848,10/02/2021,27,San Nicolás,Argentina
P00112,Silvia Ramírez S.A.,Silvia Ramírez,30-76543214-8,Tecnología,2,Silvia Ramírez,silvia.ramirez@empresa.efg,0999-2345,S.A.,$172.745,17/01/2023,27,San Nicolás,Argentina
P00112,Silvia Ramírez S.A.,Silvia Ramírez,30-76543214-8,Tecnología,2,Silvia Ramírez,silvia.ramirez@empresa.efg,0999-2345,S.A.,$176.341,01/03/2023,27,San Nicolás,Argentina
P00113,Roberto Cruz Cooperativa,Roberto Cruz,27-23456789-3,Energía Renovable,5,Roberto Cruz,roberto.cruz@empresa.hij,0555-9876,Cooperativa,$125.746,20/01/2019,19,Luján,Argentina
P00113,Roberto Cruz Cooperativa,Roberto Cruz,27-23456789-3,Energía Renovable,5,Roberto Cruz,roberto.cruz@empresa.hij,0555-9876,Cooperativa,$259.600,04/03/2019,19,Luján,Argentina
P00113,Roberto Cruz Cooperativa,Roberto Cruz,27-23456789-3,Energía Renovable,5,Roberto Cruz,roberto.cruz@empresa.hij,0555-9876,Cooperativa,$232.274,04/05/2019,19,Luján,Argentina
P00113,Roberto Cruz Cooperativa,Roberto Cruz,27-23456789-3,Energía Renovable,5,Roberto Cruz,roberto.cruz@empresa.hij,0555-9876,Cooperativa,$49.747,07/06/2019,19,Luján,Argentina
P00113,Roberto Cruz Cooperativa,Roberto Cruz,27-23456789-3,Energía Renovable,5,Roberto Cruz,roberto.cruz@empresa.hij,0555-9876,Cooperativa,$111.656,13/02/2021,19,Luján,Argentina
P00113,Roberto Cruz Cooperativa,Roberto Cruz,27-23456789-3,Energía Renovable,5,Roberto Cruz,roberto.cruz@empresa.hij,0555-9876,Cooperativa,$43.202,16/10/2020,19,Luján,Argentina
P00113,Roberto Cruz Cooperativa,Roberto Cruz,27-23456789-3,Energía Renovable,5,Roberto Cruz,roberto.cruz@empresa.hij,0555-9876,Cooperativa,$129.158,20/01/2023,19,Luján,Argentina
P00113,Roberto Cruz Cooperativa,Roberto Cruz,27-23456789-3,Energía Renovable,5,Roberto Cruz,roberto.cruz@empresa.hij,0555-9876,Cooperativa,$152.240,04/03/2023,19,Luján,Argentina
P00113,Roberto Cruz Cooperativa,Roberto Cruz,27-23456789-3,Energía Renovable,5,Roberto Cruz,roberto.cruz@empresa.hij,0555-9876,Cooperativa,$35.853,16/10/2023,19,Luján,Argentina
P00114,Patricia Gómez S.R.L.,Patricia Gómez,23-87654323-6,Transporte,4,Patricia Gómez,patricia.gomez@empresa.klm,0765-3456,S.R.L.,$13.869,22/01/2019,20,Jujuy,Argentina
P00114,Patricia Gómez S.R.L.,Patricia Gómez,23-87654323-6,Transporte,4,Patricia Gómez,patricia.gomez@empresa.klm,0765-3456,S.R.L.,$157.396,07/03/2019,20,Jujuy,Argentina
P00114,Patricia Gómez S.R.L.,Patricia Gómez,23-87654323-6,Transporte,4,Patricia Gómez,patricia.gomez@empresa.klm,0765-3456,S.R.L.,$97.345,07/05/2019,20,Jujuy,Argentina
P00114,Patricia Gómez S.R.L.,Patricia Gómez,23-87654323-6,Transporte,4,Patricia Gómez,patricia.gomez@empresa.klm,0765-3456,S.R.L.,$57.351,10/06/2019,20,Jujuy,Argentina
P00114,Patricia Gómez S.R.L.,Patricia Gómez,23-87654323-6,Transporte,4,Patricia Gómez,patricia.gomez@empresa.klm,0765-3456,S.R.L.,$251.228,16/02/2021,20,Jujuy,Argentina
P00114,Patricia Gómez S.R.L.,Patricia Gómez,23-87654323-6,Transporte,4,Patricia Gómez,patricia.gomez@empresa.klm,0765-3456,S.R.L.,$257.036,19/10/2020,20,Jujuy,Argentina
P00114,Patricia Gómez S.R.L.,Patricia Gómez,23-87654323-6,Transporte,4,Patricia Gómez,patricia.gomez@empresa.klm,0765-3456,S.R.L.,$226.947,22/01/2023,20,Jujuy,Argentina
P00114,Patricia Gómez S.R.L.,Patricia Gómez,23-87654323-6,Transporte,4,Patricia Gómez,patricia.gomez@empresa.klm,0765-3456,S.R.L.,$57.471,19/10/2023,20,Jujuy,Argentina
P00115,Ernesto Ruiz S.A.,Ernesto Ruiz,33-65432198-7,Construcción,2,Ernesto Ruiz,ernesto.ruiz@empresa.nop,0889-6543,Sociedad Anónima,$277.243,25/01/2019,38,Buenos Aires,Argentina
P00115,Ernesto Ruiz S.A.,Ernesto Ruiz,33-65432198-7,Construcción,2,Ernesto Ruiz,ernesto.ruiz@empresa.nop,0889-6543,Sociedad Anónima,$184.382,10/03/2019,38,Buenos Aires,Argentina
P00115,Ernesto Ruiz S.A.,Ernesto Ruiz,33-65432198-7,Construcción,2,Ernesto Ruiz,ernesto.ruiz@empresa.nop,0889-6543,Sociedad Anónima,$273.206,10/05/2019,38,Buenos Aires,Argentina
P00115,Ernesto Ruiz S.A.,Ernesto Ruiz,33-65432198-7,Construcción,2,Ernesto Ruiz,ernesto.ruiz@empresa.nop,0889-6543,Sociedad Anónima,$109.321,13/06/2019,38,Buenos Aires,Argentina
P00115,Ernesto Ruiz S.A.,Ernesto Ruiz,33-65432198-7,Construcción,2,Ernesto Ruiz,ernesto.ruiz@empresa.nop,0889-6543,Sociedad Anónima,$11.195,19/02/2021,38,Buenos Aires,Argentina
P00115,Ernesto Ruiz S.A.,Ernesto Ruiz,33-65432198-7,Construcción,2,Ernesto Ruiz,ernesto.ruiz@empresa.nop,0889-6543,Sociedad Anónima,$218.095,22/10/2020,38,Buenos Aires,Argentina
P00115,Ernesto Ruiz S.A.,Ernesto Ruiz,33-65432198-7,Construcción,2,Ernesto Ruiz,ernesto.ruiz@empresa.nop,0889-6543,Sociedad Anónima,$14.028,25/01/2023,38,Buenos Aires,Argentina
P00115,Ernesto Ruiz S.A.,Ernesto Ruiz,33-65432198-7,Construcción,2,Ernesto Ruiz,ernesto.ruiz@empresa.nop,0889-6543,Sociedad Anónima,$289.894,22/10/2023,38,Buenos Aires,Argentina
P00116,Valeria Ortega S.R.L.,Valeria Ortega,20-98765432-9,Agroindustria,4,Valeria Ortega,valeria.ortega@empresa.qrs,0777-7654,S.R.L.,$212.213,27/01/2019,25,Buenos Aires,Argentina
P00116,Valeria Ortega S.R.L.,Valeria Ortega,20-98765432-9,Agroindustria,4,Valeria Ortega,valeria.ortega@empresa.qrs,0777-7654,S.R.L.,$189.803,13/03/2019,25,Buenos Aires,Argentina
P00116,Valeria Ortega S.R.L.,Valeria Ortega,20-98765432-9,Agroindustria,4,Valeria Ortega,valeria.ortega@empresa.qrs,0777-7654,S.R.L.,$91.956,13/05/2019,25,Buenos Aires,Argentina
P00116,Valeria Ortega S.R.L.,Valeria Ortega,20-98765432-9,Agroindustria,4,Valeria Ortega,valeria.ortega@empresa.qrs,0777-7654,S.R.L.,$94.918,16/06/2019,25,Buenos Aires,Argentina
P00116,Valeria Ortega S.R.L.,Valeria Ortega,20-98765432-9,Agroindustria,4,Valeria Ortega,valeria.ortega@empresa.qrs,0777-7654,S.R.L.,$262.781,22/09/2020,25,Buenos Aires,Argentina
P00116,Valeria Ortega S.R.L.,Valeria Ortega,20-98765432-9,Agroindustria,4,Valeria Ortega,valeria.ortega@empresa.qrs,0777-7654,S.R.L.,$113.111,25/10/2020,25,Buenos Aires,Argentina
P00116,Valeria Ortega S.R.L.,Valeria Ortega,20-98765432-9,Agroindustria,4,Valeria Ortega,valeria.ortega@empresa.qrs,0777-7654,S.R.L.,$93.391,27/01/2023,25,Buenos Aires,Argentina
P00116,Valeria Ortega S.R.L.,Valeria Ortega,20-98765432-9,Agroindustria,4,Valeria Ortega,valeria.ortega@empresa.qrs,0777-7654,S.R.L.,$228.821,25/10/2023,25,Buenos Aires,Argentina
P00117,Juan Castillo S.A.,Juan Castillo,30-87654321-0,Tecnología,2,Juan Castillo,juan.castillo@empresa.tuv,0345-9998,S.A.,$214.933,30/01/2019,27,Trelew,Argentina
P00117,Juan Castillo S.A.,Juan Castillo,30-87654321-0,Tecnología,2,Juan Castillo,juan.castillo@empresa.tuv,0345-9998,S.A.,$121.607,16/03/2019,27,Trelew,Argentina
P00117,Juan Castillo S.A.,Juan Castillo,30-87654321-0,Tecnología,2,Juan Castillo,juan.castillo@empresa.tuv,0345-9998,S.A.,$63.352,16/05/2019,27,Trelew,Argentina
P00117,Juan Castillo S.A.,Juan Castillo,30-87654321-0,Tecnología,2,Juan Castillo,juan.castillo@empresa.tuv,0345-9998,S.A.,$60.909,19/06/2019,27,Trelew,Argentina
P00117,Juan Castillo S.A.,Juan Castillo,30-87654321-0,Tecnología,2,Juan Castillo,juan.castillo@empresa.tuv,0345-9998,S.A.,$191.131,25/09/2020,27,Trelew,Argentina
P00117,Juan Castillo S.A.,Juan Castillo,30-87654321-0,Tecnología,2,Juan Castillo,juan.castillo@empresa.tuv,0345-9998,S.A.,$30.101,28/10/2020,27,Trelew,Argentina
P00117,Juan Castillo S.A.,Juan Castillo,30-87654321-0,Tecnología,2,Juan Castillo,juan.castillo@empresa.tuv,0345-9998,S.A.,$239.664,30/01/2023,27,Trelew,Argentina
P00117,Juan Castillo S.A.,Juan Castillo,30-87654321-0,Tecnología,2,Juan Castillo,juan.castillo@empresa.tuv,0345-9998,S.A.,$16.770,28/10/2023,27,Trelew,Argentina
P00118,Sofía Martínez Cooperativa,Sofía Martínez,27-12345678-9,Energía Renovable,5,Sofía Martínez,sofia.martinez@empresa.wxy,0555-2345,Cooperativa,$167.832,02/02/2019,19,Mendoza,Argentina
P00118,Sofía Martínez Cooperativa,Sofía Martínez,27-12345678-9,Energía Renovable,5,Sofía Martínez,sofia.martinez@empresa.wxy,0555-2345,Cooperativa,$247.694,19/03/2019,19,Mendoza,Argentina
P00118,Sofía Martínez Cooperativa,Sofía Martínez,27-12345678-9,Energía Renovable,5,Sofía Martínez,sofia.martinez@empresa.wxy,0555-2345,Cooperativa,$113.663,19/05/2019,19,Mendoza,Argentina
P00118,Sofía Martínez Cooperativa,Sofía Martínez,27-12345678-9,Energía Renovable,5,Sofía Martínez,sofia.martinez@empresa.wxy,0555-2345,Cooperativa,$19.987,22/06/2019,19,Mendoza,Argentina
P00118,Sofía Martínez Cooperativa,Sofía Martínez,27-12345678-9,Energía Renovable,5,Sofía Martínez,sofia.martinez@empresa.wxy,0555-2345,Cooperativa,$26.855,28/09/2020,19,Mendoza,Argentina
P00118,Sofía Martínez Cooperativa,Sofía Martínez,27-12345678-9,Energía Renovable,5,Sofía Martínez,sofia.martinez@empresa.wxy,0555-2345,Cooperativa,$299.321,1/11/2020,19,Mendoza,Argentina
P00118,Sofía Martínez Cooperativa,Sofía Martínez,27-12345678-9,Energía Renovable,5,Sofía Martínez,sofia.martinez@empresa.wxy,0555-2345,Cooperativa,$145.362,02/02/2023,19,Mendoza,Argentina
P00118,Sofía Martínez Cooperativa,Sofía Martínez,27-12345678-9,Energía Renovable,5,Sofía Martínez,sofia.martinez@empresa.wxy,0555-2345,Cooperativa,$52.591,1/11/2023,19,Mendoza,Argentina
P00119,Pablo Díaz S.R.L.,Pablo Díaz,23-87654329-8,Transporte,4,Pablo Díaz,pablo.diaz@empresa.zab,0123-7654,S.R.L.,$285.851,05/02/2019,20,San Fernando,Argentina
P00119,Pablo Díaz S.R.L.,Pablo Díaz,23-87654329-8,Transporte,4,Pablo Díaz,pablo.diaz@empresa.zab,0123-7654,S.R.L.,$266.431,22/03/2019,20,San Fernando,Argentina
P00119,Pablo Díaz S.R.L.,Pablo Díaz,23-87654329-8,Transporte,4,Pablo Díaz,pablo.diaz@empresa.zab,0123-7654,S.R.L.,$47.892,22/05/2019,20,San Fernando,Argentina
P00119,Pablo Díaz S.R.L.,Pablo Díaz,23-87654329-8,Transporte,4,Pablo Díaz,pablo.diaz@empresa.zab,0123-7654,S.R.L.,$143.655,25/06/2019,20,San Fernando,Argentina
P00119,Pablo Díaz S.R.L.,Pablo Díaz,23-87654329-8,Transporte,4,Pablo Díaz,pablo.diaz@empresa.zab,0123-7654,S.R.L.,$253.069,01/01/2021,20,San Fernando,Argentina
P00119,Pablo Díaz S.R.L.,Pablo Díaz,23-87654329-8,Transporte,4,Pablo Díaz,pablo.diaz@empresa.zab,0123-7654,S.R.L.,$124.078,1/10/2020,20,San Fernando,Argentina
P00119,Pablo Díaz S.R.L.,Pablo Díaz,23-87654329-8,Transporte,4,Pablo Díaz,pablo.diaz@empresa.zab,0123-7654,S.R.L.,$164.974,4/11/2020,20,San Fernando,Argentina
P00119,Pablo Díaz S.R.L.,Pablo Díaz,23-87654329-8,Transporte,4,Pablo Díaz,pablo.diaz@empresa.zab,0123-7654,S.R.L.,$98.184,05/02/2023,20,San Fernando,Argentina
P00119,Pablo Díaz S.R.L.,Pablo Díaz,23-87654329-8,Transporte,4,Pablo Díaz,pablo.diaz@empresa.zab,0123-7654,S.R.L.,$70.237,1/10/2023,20,San Fernando,Argentina
P00119,Pablo Díaz S.R.L.,Pablo Díaz,23-87654329-8,Transporte,4,Pablo Díaz,pablo.diaz@empresa.zab,0123-7654,S.R.L.,$249.088,4/11/2023,20,San Fernando,Argentina
P00120,Isabel Ramírez S.A.,Isabel Ramírez,33-76543218-9,Construcción,2,Isabel Ramírez,isabel.ramirez@empresa.bef,0999-9876,Sociedad Anónima,$130.253,08/02/2019,38,Merlo,Argentina
P00120,Isabel Ramírez S.A.,Isabel Ramírez,33-76543218-9,Construcción,2,Isabel Ramírez,isabel.ramirez@empresa.bef,0999-9876,Sociedad Anónima,$201.168,25/03/2019,38,Merlo,Argentina
P00120,Isabel Ramírez S.A.,Isabel Ramírez,33-76543218-9,Construcción,2,Isabel Ramírez,isabel.ramirez@empresa.bef,0999-9876,Sociedad Anónima,$182.791,25/05/2019,38,Merlo,Argentina
P00120,Isabel Ramírez S.A.,Isabel Ramírez,33-76543218-9,Construcción,2,Isabel Ramírez,isabel.ramirez@empresa.bef,0999-9876,Sociedad Anónima,$100.941,28/06/2019,38,Merlo,Argentina
P00120,Isabel Ramírez S.A.,Isabel Ramírez,33-76543218-9,Construcción,2,Isabel Ramírez,isabel.ramirez@empresa.bef,0999-9876,Sociedad Anónima,$74.480,01/07/2019,38,Merlo,Argentina
P00120,Isabel Ramírez S.A.,Isabel Ramírez,33-76543218-9,Construcción,2,Isabel Ramírez,isabel.ramirez@empresa.bef,0999-9876,Sociedad Anónima,$50.006,04/07/2019,38,Merlo,Argentina
P00120,Isabel Ramírez S.A.,Isabel Ramírez,33-76543218-9,Construcción,2,Isabel Ramírez,isabel.ramirez@empresa.bef,0999-9876,Sociedad Anónima,$70.453,04/01/2021,38,Merlo,Argentina
P00120,Isabel Ramírez S.A.,Isabel Ramírez,33-76543218-9,Construcción,2,Isabel Ramírez,isabel.ramirez@empresa.bef,0999-9876,Sociedad Anónima,$16.006,4/10/2020,38,Merlo,Argentina
P00120,Isabel Ramírez S.A.,Isabel Ramírez,33-76543218-9,Construcción,2,Isabel Ramírez,isabel.ramirez@empresa.bef,0999-9876,Sociedad Anónima,$168.444,7/11/2020,38,Merlo,Argentina
P00120,Isabel Ramírez S.A.,Isabel Ramírez,33-76543218-9,Construcción,2,Isabel Ramírez,isabel.ramirez@empresa.bef,0999-9876,Sociedad Anónima,$285.123,10/11/2020,38,Merlo,Argentina
P00120,Isabel Ramírez S.A.,Isabel Ramírez,33-76543218-9,Construcción,2,Isabel Ramírez,isabel.ramirez@empresa.bef,0999-9876,Sociedad Anónima,$118.002,13/11/2020,38,Merlo,Argentina
P00120,Isabel Ramírez S.A.,Isabel Ramírez,33-76543218-9,Construcción,2,Isabel Ramírez,isabel.ramirez@empresa.bef,0999-9876,Sociedad Anónima,$262.998,08/02/2023,38,Merlo,Argentina
P00120,Isabel Ramírez S.A.,Isabel Ramírez,33-76543218-9,Construcción,2,Isabel Ramírez,isabel.ramirez@empresa.bef,0999-9876,Sociedad Anónima,$71.101,4/10/2023,38,Merlo,Argentina
P00120,Isabel Ramírez S.A.,Isabel Ramírez,33-76543218-9,Construcción,2,Isabel Ramírez,isabel.ramirez@empresa.bef,0999-9876,Sociedad Anónima,$132.812,7/11/2023,38,Merlo,Argentina
P00120,Isabel Ramírez S.A.,Isabel Ramírez,33-76543218-9,Construcción,2,Isabel Ramírez,isabel.ramirez@empresa.bef,0999-9876,Sociedad Anónima,$193.225,10/11/2023,38,Merlo,Argentina
P00120,Isabel Ramírez S.A.,Isabel Ramírez,33-76543218-9,Construcción,2,Isabel Ramírez,isabel.ramirez@empresa.bef,0999-9876,Sociedad Anónima,$198.619,13/11/2023,38,Merlo,Argentina
P00121,Carla Medina S.R.L.,Carla Medina,20-34567890-1,Software,4,Carla Medina,carla.medina@empresa.qrs,0123-6789,S.R.L.,$222.631,02/01/2020,27,San Martín,Argentina
P00121,Carla Medina S.R.L.,Carla Medina,20-34567890-1,Software,4,Carla Medina,carla.medina@empresa.qrs,0123-6789,S.R.L.,$61.912,01/04/2020,27,San Martín,Argentina
P00121,Carla Medina S.R.L.,Carla Medina,20-34567890-1,Software,4,Carla Medina,carla.medina@empresa.qrs,0123-6789,S.R.L.,$235.544,01/07/2020,27,San Martín,Argentina
P00121,Carla Medina S.R.L.,Carla Medina,20-34567890-1,Software,4,Carla Medina,carla.medina@empresa.qrs,0123-6789,S.R.L.,$153.467,22/11/2020,27,San Martín,Argentina
P00121,Carla Medina S.R.L.,Carla Medina,20-34567890-1,Software,4,Carla Medina,carla.medina@empresa.qrs,0123-6789,S.R.L.,$229.698,04/03/2021,27,San Martín,Argentina
P00121,Carla Medina S.R.L.,Carla Medina,20-34567890-1,Software,4,Carla Medina,carla.medina@empresa.qrs,0123-6789,S.R.L.,$66.132,16/11/2020,27,San Martín,Argentina
P00121,Carla Medina S.R.L.,Carla Medina,20-34567890-1,Software,4,Carla Medina,carla.medina@empresa.qrs,0123-6789,S.R.L.,$296.580,19/02/2021,27,San Martín,Argentina
P00121,Carla Medina S.R.L.,Carla Medina,20-34567890-1,Software,4,Carla Medina,carla.medina@empresa.qrs,0123-6789,S.R.L.,$228.513,19/10/2022,27,San Martín,Argentina
P00122,Manuel Fernández S.A.,Manuel Fernández,30-98765434-2,Consultoría IT,2,Manuel Fernández,manuel.fernandez@empresa.tuv,0345-6789,S.A.,$183.419,05/01/2020,19,Viedma,Argentina
P00122,Manuel Fernández S.A.,Manuel Fernández,30-98765434-2,Consultoría IT,2,Manuel Fernández,manuel.fernandez@empresa.tuv,0345-6789,S.A.,$218.194,04/04/2020,19,Viedma,Argentina
P00122,Manuel Fernández S.A.,Manuel Fernández,30-98765434-2,Consultoría IT,2,Manuel Fernández,manuel.fernandez@empresa.tuv,0345-6789,S.A.,$175.383,04/07/2020,19,Viedma,Argentina
P00122,Manuel Fernández S.A.,Manuel Fernández,30-98765434-2,Consultoría IT,2,Manuel Fernández,manuel.fernandez@empresa.tuv,0345-6789,S.A.,$216.757,25/11/2020,19,Viedma,Argentina
P00122,Manuel Fernández S.A.,Manuel Fernández,30-98765434-2,Consultoría IT,2,Manuel Fernández,manuel.fernandez@empresa.tuv,0345-6789,S.A.,$102.297,07/03/2021,19,Viedma,Argentina
P00122,Manuel Fernández S.A.,Manuel Fernández,30-98765434-2,Consultoría IT,2,Manuel Fernández,manuel.fernandez@empresa.tuv,0345-6789,S.A.,$24.251,17/11/2022,19,Viedma,Argentina
P00122,Manuel Fernández S.A.,Manuel Fernández,30-98765434-2,Consultoría IT,2,Manuel Fernández,manuel.fernandez@empresa.tuv,0345-6789,S.A.,$149.161,22/09/2022,19,Viedma,Argentina
P00122,Manuel Fernández S.A.,Manuel Fernández,30-98765434-2,Consultoría IT,2,Manuel Fernández,manuel.fernandez@empresa.tuv,0345-6789,S.A.,$91.564,22/10/2022,19,Viedma,Argentina
P00123,Sofía Castro S.A.,Sofía Castro,27-87654321-0,Energía Eólica,4,Sofía Castro,sofia.castro@empresa.uvw,0456-7890,Sociedad Anónima,$296.190,08/01/2020,19,Rawson,Argentina
P00123,Sofía Castro S.A.,Sofía Castro,27-87654321-0,Energía Eólica,4,Sofía Castro,sofia.castro@empresa.uvw,0456-7890,Sociedad Anónima,$251.963,07/04/2020,19,Rawson,Argentina
P00123,Sofía Castro S.A.,Sofía Castro,27-87654321-0,Energía Eólica,4,Sofía Castro,sofia.castro@empresa.uvw,0456-7890,Sociedad Anónima,$119.340,07/07/2020,19,Rawson,Argentina
P00123,Sofía Castro S.A.,Sofía Castro,27-87654321-0,Energía Eólica,4,Sofía Castro,sofia.castro@empresa.uvw,0456-7890,Sociedad Anónima,$248.673,28/11/2020,19,Rawson,Argentina
P00123,Sofía Castro S.A.,Sofía Castro,27-87654321-0,Energía Eólica,4,Sofía Castro,sofia.castro@empresa.uvw,0456-7890,Sociedad Anónima,$75.137,18/11/2022,19,Rawson,Argentina
P00123,Sofía Castro S.A.,Sofía Castro,27-87654321-0,Energía Eólica,4,Sofía Castro,sofia.castro@empresa.uvw,0456-7890,Sociedad Anónima,$85.257,25/09/2022,19,Rawson,Argentina
P00123,Sofía Castro S.A.,Sofía Castro,27-87654321-0,Energía Eólica,4,Sofía Castro,sofia.castro@empresa.uvw,0456-7890,Sociedad Anónima,$91.564,25/10/2022,19,Rawson,Argentina
P00124,Ricardo López S.R.L.,Ricardo López,23-98765432-4,Construcción,2,Ricardo López,ricardo.lopez@empresa.xyz,0567-8901,S.R.L.,$88.564,11/01/2020,38,Oberá,Argentina
P00124,Ricardo López S.R.L.,Ricardo López,23-98765432-4,Construcción,2,Ricardo López,ricardo.lopez@empresa.xyz,0567-8901,S.R.L.,$109.710,10/04/2020,38,Oberá,Argentina
P00124,Ricardo López S.R.L.,Ricardo López,23-98765432-4,Construcción,2,Ricardo López,ricardo.lopez@empresa.xyz,0567-8901,S.R.L.,$129.304,10/07/2020,38,Oberá,Argentina
P00124,Ricardo López S.R.L.,Ricardo López,23-98765432-4,Construcción,2,Ricardo López,ricardo.lopez@empresa.xyz,0567-8901,S.R.L.,$233.659,1/12/2020,38,Oberá,Argentina
P00124,Ricardo López S.R.L.,Ricardo López,23-98765432-4,Construcción,2,Ricardo López,ricardo.lopez@empresa.xyz,0567-8901,S.R.L.,$30.337,28/01/2021,38,Oberá,Argentina
P00124,Ricardo López S.R.L.,Ricardo López,23-98765432-4,Construcción,2,Ricardo López,ricardo.lopez@empresa.xyz,0567-8901,S.R.L.,$246.839,28/09/2022,38,Oberá,Argentina
P00125,Gabriela Martínez Cooperativa,Gabriela Martínez,33-12345678-9,Agroindustria,4,Gabriela Martínez,gabriela.martinez@empresa.abc,0678-9012,Cooperativa,$22.903,14/01/2020,25,Calafate,Argentina
P00125,Gabriela Martínez Cooperativa,Gabriela Martínez,33-12345678-9,Agroindustria,4,Gabriela Martínez,gabriela.martinez@empresa.abc,0678-9012,Cooperativa,$247.663,13/04/2020,25,Calafate,Argentina
P00125,Gabriela Martínez Cooperativa,Gabriela Martínez,33-12345678-9,Agroindustria,4,Gabriela Martínez,gabriela.martinez@empresa.abc,0678-9012,Cooperativa,$90.516,13/07/2020,25,Calafate,Argentina
P00125,Gabriela Martínez Cooperativa,Gabriela Martínez,33-12345678-9,Agroindustria,4,Gabriela Martínez,gabriela.martinez@empresa.abc,0678-9012,Cooperativa,$139.242,4/12/2020,25,Calafate,Argentina
P00125,Gabriela Martínez Cooperativa,Gabriela Martínez,33-12345678-9,Agroindustria,4,Gabriela Martínez,gabriela.martinez@empresa.abc,0678-9012,Cooperativa,$88.185,01/02/2021,25,Calafate,Argentina
P00125,Gabriela Martínez Cooperativa,Gabriela Martínez,33-12345678-9,Agroindustria,4,Gabriela Martínez,gabriela.martinez@empresa.abc,0678-9012,Cooperativa,$244.816,1/10/2022,25,Calafate,Argentina
P00126,Pablo Vargas S.A.,Pablo Vargas,20-23456789-1,Tecnología,2,Pablo Vargas,pablo.vargas@empresa.def,0789-0123,S.A.,$74.389,17/01/2020,27,Gualeguaychú,Argentina
P00126,Pablo Vargas S.A.,Pablo Vargas,20-23456789-1,Tecnología,2,Pablo Vargas,pablo.vargas@empresa.def,0789-0123,S.A.,$117.043,16/04/2020,27,Gualeguaychú,Argentina
P00126,Pablo Vargas S.A.,Pablo Vargas,20-23456789-1,Tecnología,2,Pablo Vargas,pablo.vargas@empresa.def,0789-0123,S.A.,$97.376,16/07/2020,27,Gualeguaychú,Argentina
P00126,Pablo Vargas S.A.,Pablo Vargas,20-23456789-1,Tecnología,2,Pablo Vargas,pablo.vargas@empresa.def,0789-0123,S.A.,$231.968,7/12/2020,27,Gualeguaychú,Argentina
P00126,Pablo Vargas S.A.,Pablo Vargas,20-23456789-1,Tecnología,2,Pablo Vargas,pablo.vargas@empresa.def,0789-0123,S.A.,$146.818,04/02/2021,27,Gualeguaychú,Argentina
P00126,Pablo Vargas S.A.,Pablo Vargas,20-23456789-1,Tecnología,2,Pablo Vargas,pablo.vargas@empresa.def,0789-0123,S.A.,$14.222,4/10/2022,27,Gualeguaychú,Argentina
P00127,Laura Fernández S.R.L.,Laura Fernández,30-34567890-3,Energía Solar,4,Laura Fernández,laura.fernandez@empresa.ghi,0890-1234,S.R.L.,$37.706,20/01/2020,19,Río Grande,Argentina
P00127,Laura Fernández S.R.L.,Laura Fernández,30-34567890-3,Energía Solar,4,Laura Fernández,laura.fernandez@empresa.ghi,0890-1234,S.R.L.,$11.442,19/04/2020,19,Río Grande,Argentina
P00127,Laura Fernández S.R.L.,Laura Fernández,30-34567890-3,Energía Solar,4,Laura Fernández,laura.fernandez@empresa.ghi,0890-1234,S.R.L.,$179.093,19/07/2020,19,Río Grande,Argentina
P00127,Laura Fernández S.R.L.,Laura Fernández,30-34567890-3,Energía Solar,4,Laura Fernández,laura.fernandez@empresa.ghi,0890-1234,S.R.L.,$173.998,10/12/2020,19,Río Grande,Argentina
P00127,Laura Fernández S.R.L.,Laura Fernández,30-34567890-3,Energía Solar,4,Laura Fernández,laura.fernandez@empresa.ghi,0890-1234,S.R.L.,$283.665,07/02/2021,19,Río Grande,Argentina
P00127,Laura Fernández S.R.L.,Laura Fernández,30-34567890-3,Energía Solar,4,Laura Fernández,laura.fernandez@empresa.ghi,0890-1234,S.R.L.,$212.134,7/10/2022,19,Río Grande,Argentina
P00128,Javier González S.A.,Javier González,27-98765432-5,Transporte,2,Javier González,javier.gonzalez@empresa.jkl,0912-3456,Sociedad Anónima,$198.341,23/01/2020,20,Buenos Aires,Argentina
P00128,Javier González S.A.,Javier González,27-98765432-5,Transporte,2,Javier González,javier.gonzalez@empresa.jkl,0912-3456,Sociedad Anónima,$10.587,22/04/2020,20,Buenos Aires,Argentina
P00128,Javier González S.A.,Javier González,27-98765432-5,Transporte,2,Javier González,javier.gonzalez@empresa.jkl,0912-3456,Sociedad Anónima,$179.746,22/07/2020,20,Buenos Aires,Argentina
P00128,Javier González S.A.,Javier González,27-98765432-5,Transporte,2,Javier González,javier.gonzalez@empresa.jkl,0912-3456,Sociedad Anónima,$83.142,13/12/2020,20,Buenos Aires,Argentina
P00128,Javier González S.A.,Javier González,27-98765432-5,Transporte,2,Javier González,javier.gonzalez@empresa.jkl,0912-3456,Sociedad Anónima,$59.591,10/02/2021,20,Buenos Aires,Argentina
P00128,Javier González S.A.,Javier González,27-98765432-5,Transporte,2,Javier González,javier.gonzalez@empresa.jkl,0912-3456,Sociedad Anónima,$280.267,10/10/2022,20,Buenos Aires,Argentina
P00129,Patricia Rivas S.R.L.,Patricia Rivas,23-45678901-7,Construcción,4,Patricia Rivas,patricia.rivas@empresa.mno,0123-4567,S.R.L.,$237.422,26/01/2020,38,Villa Carlos Paz,Argentina
P00129,Patricia Rivas S.R.L.,Patricia Rivas,23-45678901-7,Construcción,4,Patricia Rivas,patricia.rivas@empresa.mno,0123-4567,S.R.L.,$13.020,25/04/2020,38,Villa Carlos Paz,Argentina
P00129,Patricia Rivas S.R.L.,Patricia Rivas,23-45678901-7,Construcción,4,Patricia Rivas,patricia.rivas@empresa.mno,0123-4567,S.R.L.,$94.240,25/07/2020,38,Villa Carlos Paz,Argentina
P00129,Patricia Rivas S.R.L.,Patricia Rivas,23-45678901-7,Construcción,4,Patricia Rivas,patricia.rivas@empresa.mno,0123-4567,S.R.L.,$64.138,16/12/2020,38,Villa Carlos Paz,Argentina
P00129,Patricia Rivas S.R.L.,Patricia Rivas,23-45678901-7,Construcción,4,Patricia Rivas,patricia.rivas@empresa.mno,0123-4567,S.R.L.,$209.335,13/02/2021,38,Villa Carlos Paz,Argentina
P00129,Patricia Rivas S.R.L.,Patricia Rivas,23-45678901-7,Construcción,4,Patricia Rivas,patricia.rivas@empresa.mno,0123-4567,S.R.L.,$211.622,13/10/2022,38,Villa Carlos Paz,Argentina
P00130,Fernando Reyes Cooperativa,Fernando Reyes,33-56789012-6,Agroindustria,2,Fernando Reyes,fernando.reyes@empresa.pqr,0345-6789,Cooperativa,$79.707,29/01/2020,25,Villa Allende,Argentina
P00130,Fernando Reyes Cooperativa,Fernando Reyes,33-56789012-6,Agroindustria,2,Fernando Reyes,fernando.reyes@empresa.pqr,0345-6789,Cooperativa,$217.800,28/04/2020,25,Villa Allende,Argentina
P00130,Fernando Reyes Cooperativa,Fernando Reyes,33-56789012-6,Agroindustria,2,Fernando Reyes,fernando.reyes@empresa.pqr,0345-6789,Cooperativa,$26.298,28/07/2020,25,Villa Allende,Argentina
P00130,Fernando Reyes Cooperativa,Fernando Reyes,33-56789012-6,Agroindustria,2,Fernando Reyes,fernando.reyes@empresa.pqr,0345-6789,Cooperativa,$147.083,19/12/2020,25,Villa Allende,Argentina
P00130,Fernando Reyes Cooperativa,Fernando Reyes,33-56789012-6,Agroindustria,2,Fernando Reyes,fernando.reyes@empresa.pqr,0345-6789,Cooperativa,$241.869,16/02/2021,25,Villa Allende,Argentina
P00130,Fernando Reyes Cooperativa,Fernando Reyes,33-56789012-6,Agroindustria,2,Fernando Reyes,fernando.reyes@empresa.pqr,0345-6789,Cooperativa,$140.463,16/10/2022,25,Villa Allende,Argentina
P00131,Valentina Ortega S.R.L.,Valentina Ortega,20-87654321-2,Consultoría,4,Valentina Ortega,valentina.ortega@empresa.stu,0456-7890,S.R.L.,$12.989,01/02/2020,19,San Pedro,Argentina
P00131,Valentina Ortega S.R.L.,Valentina Ortega,20-87654321-2,Consultoría,4,Valentina Ortega,valentina.ortega@empresa.stu,0456-7890,S.R.L.,$268.049,01/05/2020,19,San Pedro,Argentina
P00131,Valentina Ortega S.R.L.,Valentina Ortega,20-87654321-2,Consultoría,4,Valentina Ortega,valentina.ortega@empresa.stu,0456-7890,S.R.L.,$222.635,01/08/2020,19,San Pedro,Argentina
P00131,Valentina Ortega S.R.L.,Valentina Ortega,20-87654321-2,Consultoría,4,Valentina Ortega,valentina.ortega@empresa.stu,0456-7890,S.R.L.,$256.449,22/12/2020,19,San Pedro,Argentina
P00131,Valentina Ortega S.R.L.,Valentina Ortega,20-87654321-2,Consultoría,4,Valentina Ortega,valentina.ortega@empresa.stu,0456-7890,S.R.L.,$141.315,19/02/2021,19,San Pedro,Argentina
P00131,Valentina Ortega S.R.L.,Valentina Ortega,20-87654321-2,Consultoría,4,Valentina Ortega,valentina.ortega@empresa.stu,0456-7890,S.R.L.,$186.346,19/10/2022,19,San Pedro,Argentina
P00132,Andrés Ruiz S.A.,Andrés Ruiz,30-12345678-9,Tecnología,2,Andrés Ruiz,andres.ruiz@empresa.tuv,0567-8901,S.A.,$249.854,04/02/2020,27,General Roca,Argentina
P00132,Andrés Ruiz S.A.,Andrés Ruiz,30-12345678-9,Tecnología,2,Andrés Ruiz,andres.ruiz@empresa.tuv,0567-8901,S.A.,$229.698,04/05/2020,27,General Roca,Argentina
P00132,Andrés Ruiz S.A.,Andrés Ruiz,30-12345678-9,Tecnología,2,Andrés Ruiz,andres.ruiz@empresa.tuv,0567-8901,S.A.,$192.599,04/08/2020,27,General Roca,Argentina
P00132,Andrés Ruiz S.A.,Andrés Ruiz,30-12345678-9,Tecnología,2,Andrés Ruiz,andres.ruiz@empresa.tuv,0567-8901,S.A.,$152.846,25/12/2020,27,General Roca,Argentina
P00132,Andrés Ruiz S.A.,Andrés Ruiz,30-12345678-9,Tecnología,2,Andrés Ruiz,andres.ruiz@empresa.tuv,0567-8901,S.A.,$110.878,07/01/2021,27,General Roca,Argentina
P00132,Andrés Ruiz S.A.,Andrés Ruiz,30-12345678-9,Tecnología,2,Andrés Ruiz,andres.ruiz@empresa.tuv,0567-8901,S.A.,$48.679,22/09/2022,27,General Roca,Argentina
P00132,Andrés Ruiz S.A.,Andrés Ruiz,30-12345678-9,Tecnología,2,Andrés Ruiz,andres.ruiz@empresa.tuv,0567-8901,S.A.,$50.488,22/10/2022,27,General Roca,Argentina
P00133,Daniela Fernández S.A.,Daniela Fernández,27-23456789-4,Energía Eólica,4,Daniela Fernández,daniela.fernandez@empresa.uvw,0678-9012,Sociedad Anónima,$127.726,07/02/2020,19,Junín,Argentina
P00133,Daniela Fernández S.A.,Daniela Fernández,27-23456789-4,Energía Eólica,4,Daniela Fernández,daniela.fernandez@empresa.uvw,0678-9012,Sociedad Anónima,$102.297,07/05/2020,19,Junín,Argentina
P00133,Daniela Fernández S.A.,Daniela Fernández,27-23456789-4,Energía Eólica,4,Daniela Fernández,daniela.fernandez@empresa.uvw,0678-9012,Sociedad Anónima,$150.974,07/08/2020,19,Junín,Argentina
P00133,Daniela Fernández S.A.,Daniela Fernández,27-23456789-4,Energía Eólica,4,Daniela Fernández,daniela.fernandez@empresa.uvw,0678-9012,Sociedad Anónima,$256.144,28/12/2020,19,Junín,Argentina
P00133,Daniela Fernández S.A.,Daniela Fernández,27-23456789-4,Energía Eólica,4,Daniela Fernández,daniela.fernandez@empresa.uvw,0678-9012,Sociedad Anónima,$31.099,10/01/2021,19,Junín,Argentina
P00133,Daniela Fernández S.A.,Daniela Fernández,27-23456789-4,Energía Eólica,4,Daniela Fernández,daniela.fernandez@empresa.uvw,0678-9012,Sociedad Anónima,$194.151,25/09/2022,19,Junín,Argentina
P00133,Daniela Fernández S.A.,Daniela Fernández,27-23456789-4,Energía Eólica,4,Daniela Fernández,daniela.fernandez@empresa.uvw,0678-9012,Sociedad Anónima,$126.804,25/10/2022,19,Junín,Argentina
P00134,Luis Gómez S.R.L.,Luis Gómez,23-34567890-7,Construcción,2,Luis Gómez,luis.gomez@empresa.xyz,0789-0123,S.R.L.,$243.396,10/02/2020,38,Buenos Aires,Argentina
P00134,Luis Gómez S.R.L.,Luis Gómez,23-34567890-7,Construcción,2,Luis Gómez,luis.gomez@empresa.xyz,0789-0123,S.R.L.,$24.358,10/05/2020,38,Buenos Aires,Argentina
P00134,Luis Gómez S.R.L.,Luis Gómez,23-34567890-7,Construcción,2,Luis Gómez,luis.gomez@empresa.xyz,0789-0123,S.R.L.,$60.625,10/08/2020,38,Buenos Aires,Argentina
P00134,Luis Gómez S.R.L.,Luis Gómez,23-34567890-7,Construcción,2,Luis Gómez,luis.gomez@empresa.xyz,0789-0123,S.R.L.,$161.646,1/10/2020,38,Buenos Aires,Argentina
P00134,Luis Gómez S.R.L.,Luis Gómez,23-34567890-7,Construcción,2,Luis Gómez,luis.gomez@empresa.xyz,0789-0123,S.R.L.,$135.225,01/01/2021,38,Buenos Aires,Argentina
P00134,Luis Gómez S.R.L.,Luis Gómez,23-34567890-7,Construcción,2,Luis Gómez,luis.gomez@empresa.xyz,0789-0123,S.R.L.,$249.165,13/01/2021,38,Buenos Aires,Argentina
P00134,Luis Gómez S.R.L.,Luis Gómez,23-34567890-7,Construcción,2,Luis Gómez,luis.gomez@empresa.xyz,0789-0123,S.R.L.,$219.837,28/09/2022,38,Buenos Aires,Argentina
P00134,Luis Gómez S.R.L.,Luis Gómez,23-34567890-7,Construcción,2,Luis Gómez,luis.gomez@empresa.xyz,0789-0123,S.R.L.,$173.152,28/01/2021,38,Buenos Aires,Argentina
P00135,Marcela Jiménez Cooperativa,Marcela Jiménez,33-45678901-8,Agroindustria,4,Marcela Jiménez,marcela.jimenez@empresa.abc,0890-1234,Cooperativa,$46.325,13/02/2020,25,Rafaela,Argentina
P00135,Marcela Jiménez Cooperativa,Marcela Jiménez,33-45678901-8,Agroindustria,4,Marcela Jiménez,marcela.jimenez@empresa.abc,0890-1234,Cooperativa,$165.797,13/05/2020,25,Rafaela,Argentina
P00135,Marcela Jiménez Cooperativa,Marcela Jiménez,33-45678901-8,Agroindustria,4,Marcela Jiménez,marcela.jimenez@empresa.abc,0890-1234,Cooperativa,$294.815,13/08/2020,25,Rafaela,Argentina
P00135,Marcela Jiménez Cooperativa,Marcela Jiménez,33-45678901-8,Agroindustria,4,Marcela Jiménez,marcela.jimenez@empresa.abc,0890-1234,Cooperativa,$57.988,4/10/2020,25,Rafaela,Argentina
P00135,Marcela Jiménez Cooperativa,Marcela Jiménez,33-45678901-8,Agroindustria,4,Marcela Jiménez,marcela.jimenez@empresa.abc,0890-1234,Cooperativa,$89.516,04/01/2021,25,Rafaela,Argentina
P00135,Marcela Jiménez Cooperativa,Marcela Jiménez,33-45678901-8,Agroindustria,4,Marcela Jiménez,marcela.jimenez@empresa.abc,0890-1234,Cooperativa,$281.214,16/01/2021,25,Rafaela,Argentina
P00135,Marcela Jiménez Cooperativa,Marcela Jiménez,33-45678901-8,Agroindustria,4,Marcela Jiménez,marcela.jimenez@empresa.abc,0890-1234,Cooperativa,$225.311,1/10/2022,25,Rafaela,Argentina
P00135,Marcela Jiménez Cooperativa,Marcela Jiménez,33-45678901-8,Agroindustria,4,Marcela Jiménez,marcela.jimenez@empresa.abc,0890-1234,Cooperativa,$170.553,01/02/2021,25,Rafaela,Argentina
P00136,Roberto Díaz S.A.,Roberto Díaz,20-56789012-3,Tecnología,2,Roberto Díaz,roberto.diaz@empresa.def,0912-3456,S.A.,$220.987,16/02/2020,27,Rio Gallegos,Argentina
P00136,Roberto Díaz S.A.,Roberto Díaz,20-56789012-3,Tecnología,2,Roberto Díaz,roberto.diaz@empresa.def,0912-3456,S.A.,$260.964,16/05/2020,27,Rio Gallegos,Argentina
P00136,Roberto Díaz S.A.,Roberto Díaz,20-56789012-3,Tecnología,2,Roberto Díaz,roberto.diaz@empresa.def,0912-3456,S.A.,$45.468,16/08/2020,27,Rio Gallegos,Argentina
P00136,Roberto Díaz S.A.,Roberto Díaz,20-56789012-3,Tecnología,2,Roberto Díaz,roberto.diaz@empresa.def,0912-3456,S.A.,$135.113,7/10/2020,27,Rio Gallegos,Argentina
P00136,Roberto Díaz S.A.,Roberto Díaz,20-56789012-3,Tecnología,2,Roberto Díaz,roberto.diaz@empresa.def,0912-3456,S.A.,$148.154,19/01/2021,27,Rio Gallegos,Argentina
P00136,Roberto Díaz S.A.,Roberto Díaz,20-56789012-3,Tecnología,2,Roberto Díaz,roberto.diaz@empresa.def,0912-3456,S.A.,$247.527,4/10/2022,27,Rio Gallegos,Argentina
P00136,Roberto Díaz S.A.,Roberto Díaz,20-56789012-3,Tecnología,2,Roberto Díaz,roberto.diaz@empresa.def,0912-3456,S.A.,$212.736,04/02/2021,27,Rio Gallegos,Argentina
P00137,Camila Martínez S.R.L.,Camila Martínez,30-67890123-4,Energía Solar,4,Camila Martínez,camila.martinez@empresa.ghi,0123-4567,S.R.L.,$221.445,19/02/2020,19,Buenos Aires,Argentina
P00137,Camila Martínez S.R.L.,Camila Martínez,30-67890123-4,Energía Solar,4,Camila Martínez,camila.martinez@empresa.ghi,0123-4567,S.R.L.,$228.513,19/05/2020,19,Buenos Aires,Argentina
P00137,Camila Martínez S.R.L.,Camila Martínez,30-67890123-4,Energía Solar,4,Camila Martínez,camila.martinez@empresa.ghi,0123-4567,S.R.L.,$247.726,19/08/2020,19,Buenos Aires,Argentina
P00137,Camila Martínez S.R.L.,Camila Martínez,30-67890123-4,Energía Solar,4,Camila Martínez,camila.martinez@empresa.ghi,0123-4567,S.R.L.,$295.302,10/10/2020,19,Buenos Aires,Argentina
P00137,Camila Martínez S.R.L.,Camila Martínez,30-67890123-4,Energía Solar,4,Camila Martínez,camila.martinez@empresa.ghi,0123-4567,S.R.L.,$217.867,22/01/2021,19,Buenos Aires,Argentina
P00137,Camila Martínez S.R.L.,Camila Martínez,30-67890123-4,Energía Solar,4,Camila Martínez,camila.martinez@empresa.ghi,0123-4567,S.R.L.,$223.875,7/10/2022,19,Buenos Aires,Argentina
P00137,Camila Martínez S.R.L.,Camila Martínez,30-67890123-4,Energía Solar,4,Camila Martínez,camila.martinez@empresa.ghi,0123-4567,S.R.L.,$151.708,07/02/2021,19,Buenos Aires,Argentina
P00138,Santiago López S.A.,Santiago López,27-78901234-6,Transporte,2,Santiago López,santiago.lopez@empresa.jkl,0345-6789,Sociedad Anónima,$94.895,22/02/2020,20,Mendoza,Argentina
P00138,Santiago López S.A.,Santiago López,27-78901234-6,Transporte,2,Santiago López,santiago.lopez@empresa.jkl,0345-6789,Sociedad Anónima,$91.564,22/05/2020,20,Mendoza,Argentina
P00138,Santiago López S.A.,Santiago López,27-78901234-6,Transporte,2,Santiago López,santiago.lopez@empresa.jkl,0345-6789,Sociedad Anónima,$175.561,22/08/2020,20,Mendoza,Argentina
P00138,Santiago López S.A.,Santiago López,27-78901234-6,Transporte,2,Santiago López,santiago.lopez@empresa.jkl,0345-6789,Sociedad Anónima,$73.794,13/10/2020,20,Mendoza,Argentina
P00138,Santiago López S.A.,Santiago López,27-78901234-6,Transporte,2,Santiago López,santiago.lopez@empresa.jkl,0345-6789,Sociedad Anónima,$73.794,25/01/2021,20,Mendoza,Argentina
P00138,Santiago López S.A.,Santiago López,27-78901234-6,Transporte,2,Santiago López,santiago.lopez@empresa.jkl,0345-6789,Sociedad Anónima,$148.032,10/10/2022,20,Mendoza,Argentina
P00138,Santiago López S.A.,Santiago López,27-78901234-6,Transporte,2,Santiago López,santiago.lopez@empresa.jkl,0345-6789,Sociedad Anónima,$279.688,10/02/2021,20,Mendoza,Argentina
P00139,Fernanda García S.R.L.,Fernanda García,23-89012345-9,Construcción,4,Fernanda García,fernanda.garcia@empresa.mno,0456-7890,S.R.L.,$139.765,25/02/2020,38,Cordoba,Argentina
P00139,Fernanda García S.R.L.,Fernanda García,23-89012345-9,Construcción,4,Fernanda García,fernanda.garcia@empresa.mno,0456-7890,S.R.L.,$143.944,25/05/2020,38,Cordoba,Argentina
P00139,Fernanda García S.R.L.,Fernanda García,23-89012345-9,Construcción,4,Fernanda García,fernanda.garcia@empresa.mno,0456-7890,S.R.L.,$158.384,25/08/2020,38,Cordoba,Argentina
P00139,Fernanda García S.R.L.,Fernanda García,23-89012345-9,Construcción,4,Fernanda García,fernanda.garcia@empresa.mno,0456-7890,S.R.L.,$106.432,16/10/2020,38,Cordoba,Argentina
P00139,Fernanda García S.R.L.,Fernanda García,23-89012345-9,Construcción,4,Fernanda García,fernanda.garcia@empresa.mno,0456-7890,S.R.L.,$106.432,28/01/2021,38,Cordoba,Argentina
P00139,Fernanda García S.R.L.,Fernanda García,23-89012345-9,Construcción,4,Fernanda García,fernanda.garcia@empresa.mno,0456-7890,S.R.L.,$42.668,13/10/2022,38,Cordoba,Argentina
P00139,Fernanda García S.R.L.,Fernanda García,23-89012345-9,Construcción,4,Fernanda García,fernanda.garcia@empresa.mno,0456-7890,S.R.L.,$72.059,13/02/2021,38,Cordoba,Argentina
P00140,Nicolás Castillo Cooperativa,Nicolás Castillo,33-90123456-0,Agroindustria,2,Nicolás Castillo,nicolas.castillo@empresa.pqr,0567-8901,Cooperativa,$248.599,28/02/2020,25,Rosario,Argentina
P00140,Nicolás Castillo Cooperativa,Nicolás Castillo,33-90123456-0,Agroindustria,2,Nicolás Castillo,nicolas.castillo@empresa.pqr,0567-8901,Cooperativa,$159.738,28/05/2020,25,Rosario,Argentina
P00140,Nicolás Castillo Cooperativa,Nicolás Castillo,33-90123456-0,Agroindustria,2,Nicolás Castillo,nicolas.castillo@empresa.pqr,0567-8901,Cooperativa,$122.240,28/08/2020,25,Rosario,Argentina
P00140,Nicolás Castillo Cooperativa,Nicolás Castillo,33-90123456-0,Agroindustria,2,Nicolás Castillo,nicolas.castillo@empresa.pqr,0567-8901,Cooperativa,$90.675,19/10/2020,25,Rosario,Argentina
P00140,Nicolás Castillo Cooperativa,Nicolás Castillo,33-90123456-0,Agroindustria,2,Nicolás Castillo,nicolas.castillo@empresa.pqr,0567-8901,Cooperativa,$90.675,01/02/2021,25,Rosario,Argentina
P00140,Nicolás Castillo Cooperativa,Nicolás Castillo,33-90123456-0,Agroindustria,2,Nicolás Castillo,nicolas.castillo@empresa.pqr,0567-8901,Cooperativa,$81.679,16/10/2022,25,Rosario,Argentina
P00140,Nicolás Castillo Cooperativa,Nicolás Castillo,33-90123456-0,Agroindustria,2,Nicolás Castillo,nicolas.castillo@empresa.pqr,0567-8901,Cooperativa,$117.043,16/02/2021,25,Rosario,Argentina
P00141,Juliana Pérez S.R.L.,Juliana Pérez,20-01234567-4,Consultoría,4,Juliana Pérez,juliana.perez@empresa.stu,0678-9012,S.R.L.,$130.696,02/03/2020,19,San Juan,Argentina
P00141,Juliana Pérez S.R.L.,Juliana Pérez,20-01234567-4,Consultoría,4,Juliana Pérez,juliana.perez@empresa.stu,0678-9012,S.R.L.,$207.725,01/06/2020,19,San Juan,Argentina
P00141,Juliana Pérez S.R.L.,Juliana Pérez,20-01234567-4,Consultoría,4,Juliana Pérez,juliana.perez@empresa.stu,0678-9012,S.R.L.,$121.055,01/09/2020,19,San Juan,Argentina
P00141,Juliana Pérez S.R.L.,Juliana Pérez,20-01234567-4,Consultoría,4,Juliana Pérez,juliana.perez@empresa.stu,0678-9012,S.R.L.,$252.093,22/10/2020,19,San Juan,Argentina
P00141,Juliana Pérez S.R.L.,Juliana Pérez,20-01234567-4,Consultoría,4,Juliana Pérez,juliana.perez@empresa.stu,0678-9012,S.R.L.,$252.093,04/02/2021,19,San Juan,Argentina
P00141,Juliana Pérez S.R.L.,Juliana Pérez,20-01234567-4,Consultoría,4,Juliana Pérez,juliana.perez@empresa.stu,0678-9012,S.R.L.,$280.320,19/10/2022,19,San Juan,Argentina
P00141,Juliana Pérez S.R.L.,Juliana Pérez,20-01234567-4,Consultoría,4,Juliana Pérez,juliana.perez@empresa.stu,0678-9012,S.R.L.,$11.442,19/02/2021,19,San Juan,Argentina
P00142,Diego Fernández S.A.,Diego Fernández,30-12345678-5,Tecnología,2,Diego Fernández,diego.fernandez@empresa.uvw,0789-0123,S.A.,$88.206,05/03/2020,27,San Rafael,Argentina
P00142,Diego Fernández S.A.,Diego Fernández,30-12345678-5,Tecnología,2,Diego Fernández,diego.fernandez@empresa.uvw,0789-0123,S.A.,$103.821,04/06/2020,27,San Rafael,Argentina
P00142,Diego Fernández S.A.,Diego Fernández,30-12345678-5,Tecnología,2,Diego Fernández,diego.fernandez@empresa.uvw,0789-0123,S.A.,$52.184,04/09/2020,27,San Rafael,Argentina
P00142,Diego Fernández S.A.,Diego Fernández,30-12345678-5,Tecnología,2,Diego Fernández,diego.fernandez@empresa.uvw,0789-0123,S.A.,$85.168,25/10/2020,27,San Rafael,Argentina
P00142,Diego Fernández S.A.,Diego Fernández,30-12345678-5,Tecnología,2,Diego Fernández,diego.fernandez@empresa.uvw,0789-0123,S.A.,$85.168,07/02/2021,27,San Rafael,Argentina
P00142,Diego Fernández S.A.,Diego Fernández,30-12345678-5,Tecnología,2,Diego Fernández,diego.fernandez@empresa.uvw,0789-0123,S.A.,$34.695,22/10/2022,27,San Rafael,Argentina
P00142,Diego Fernández S.A.,Diego Fernández,30-12345678-5,Tecnología,2,Diego Fernández,diego.fernandez@empresa.uvw,0789-0123,S.A.,$10.587,22/09/2022,27,San Rafael,Argentina
P00143,Mariana Gómez S.A.,Mariana Gómez,27-23456789-6,Energía Eólica,4,Mariana Gómez,mariana.gomez@empresa.xyz,0890-1234,Sociedad Anónima,$255.727,08/03/2020,19,Posadas,Argentina
P00143,Mariana Gómez S.A.,Mariana Gómez,27-23456789-6,Energía Eólica,4,Mariana Gómez,mariana.gomez@empresa.xyz,0890-1234,Sociedad Anónima,$253.296,07/06/2020,19,Posadas,Argentina
P00143,Mariana Gómez S.A.,Mariana Gómez,27-23456789-6,Energía Eólica,4,Mariana Gómez,mariana.gomez@empresa.xyz,0890-1234,Sociedad Anónima,$200.021,07/09/2020,19,Posadas,Argentina
P00143,Mariana Gómez S.A.,Mariana Gómez,27-23456789-6,Energía Eólica,4,Mariana Gómez,mariana.gomez@empresa.xyz,0890-1234,Sociedad Anónima,$278.387,28/10/2020,19,Posadas,Argentina
P00143,Mariana Gómez S.A.,Mariana Gómez,27-23456789-6,Energía Eólica,4,Mariana Gómez,mariana.gomez@empresa.xyz,0890-1234,Sociedad Anónima,$278.387,10/02/2021,19,Posadas,Argentina
P00143,Mariana Gómez S.A.,Mariana Gómez,27-23456789-6,Energía Eólica,4,Mariana Gómez,mariana.gomez@empresa.xyz,0890-1234,Sociedad Anónima,$82.635,25/10/2022,19,Posadas,Argentina
P00143,Mariana Gómez S.A.,Mariana Gómez,27-23456789-6,Energía Eólica,4,Mariana Gómez,mariana.gomez@empresa.xyz,0890-1234,Sociedad Anónima,$13.020,25/09/2022,19,Posadas,Argentina
P00144,Manuel Rodríguez S.R.L.,Manuel Rodríguez,23-34567890-1,Construcción,2,Manuel Rodríguez,manuel.rodriguez@empresa.def,0912-3456,S.R.L.,$295.728,11/03/2020,38,Bahía Blanca,Argentina
P00144,Manuel Rodríguez S.R.L.,Manuel Rodríguez,23-34567890-1,Construcción,2,Manuel Rodríguez,manuel.rodriguez@empresa.def,0912-3456,S.R.L.,$201.749,10/06/2020,38,Bahía Blanca,Argentina
P00144,Manuel Rodríguez S.R.L.,Manuel Rodríguez,23-34567890-1,Construcción,2,Manuel Rodríguez,manuel.rodriguez@empresa.def,0912-3456,S.R.L.,$269.410,10/09/2020,38,Bahía Blanca,Argentina
P00144,Manuel Rodríguez S.R.L.,Manuel Rodríguez,23-34567890-1,Construcción,2,Manuel Rodríguez,manuel.rodriguez@empresa.def,0912-3456,S.R.L.,$156.276,1/11/2020,38,Bahía Blanca,Argentina
P00144,Manuel Rodríguez S.R.L.,Manuel Rodríguez,23-34567890-1,Construcción,2,Manuel Rodríguez,manuel.rodriguez@empresa.def,0912-3456,S.R.L.,$156.276,13/02/2021,38,Bahía Blanca,Argentina
P00144,Manuel Rodríguez S.R.L.,Manuel Rodríguez,23-34567890-1,Construcción,2,Manuel Rodríguez,manuel.rodriguez@empresa.def,0912-3456,S.R.L.,$124.428,28/01/2021,38,Bahía Blanca,Argentina
P00144,Manuel Rodríguez S.R.L.,Manuel Rodríguez,23-34567890-1,Construcción,2,Manuel Rodríguez,manuel.rodriguez@empresa.def,0912-3456,S.R.L.,$217.800,28/09/2022,38,Bahía Blanca,Argentina
P00145,Clara Jiménez Cooperativa,Clara Jiménez,33-45678901-2,Agroindustria,4,Clara Jiménez,clara.jimenez@empresa.ghi,0123-6789,Cooperativa,$59.893,14/03/2020,25,Resistencia,Argentina
P00145,Clara Jiménez Cooperativa,Clara Jiménez,33-45678901-2,Agroindustria,4,Clara Jiménez,clara.jimenez@empresa.ghi,0123-6789,Cooperativa,$43.682,13/06/2020,25,Resistencia,Argentina
P00145,Clara Jiménez Cooperativa,Clara Jiménez,33-45678901-2,Agroindustria,4,Clara Jiménez,clara.jimenez@empresa.ghi,0123-6789,Cooperativa,$228.649,13/09/2020,25,Resistencia,Argentina
P00145,Clara Jiménez Cooperativa,Clara Jiménez,33-45678901-2,Agroindustria,4,Clara Jiménez,clara.jimenez@empresa.ghi,0123-6789,Cooperativa,$28.845,4/11/2020,25,Resistencia,Argentina
P00145,Clara Jiménez Cooperativa,Clara Jiménez,33-45678901-2,Agroindustria,4,Clara Jiménez,clara.jimenez@empresa.ghi,0123-6789,Cooperativa,$28.845,16/02/2021,25,Resistencia,Argentina
P00145,Clara Jiménez Cooperativa,Clara Jiménez,33-45678901-2,Agroindustria,4,Clara Jiménez,clara.jimenez@empresa.ghi,0123-6789,Cooperativa,$61.059,01/02/2021,25,Resistencia,Argentina
P00145,Clara Jiménez Cooperativa,Clara Jiménez,33-45678901-2,Agroindustria,4,Clara Jiménez,clara.jimenez@empresa.ghi,0123-6789,Cooperativa,$268.049,1/10/2022,25,Resistencia,Argentina
P00146,Eduardo Reyes S.A.,Eduardo Reyes,20-56789012-5,Tecnología,2,Eduardo Reyes,eduardo.reyes@empresa.jkl,0345-6789,S.A.,$44.782,17/03/2020,27,Formosa,Argentina
P00146,Eduardo Reyes S.A.,Eduardo Reyes,20-56789012-5,Tecnología,2,Eduardo Reyes,eduardo.reyes@empresa.jkl,0345-6789,S.A.,$36.878,16/06/2020,27,Formosa,Argentina
P00146,Eduardo Reyes S.A.,Eduardo Reyes,20-56789012-5,Tecnología,2,Eduardo Reyes,eduardo.reyes@empresa.jkl,0345-6789,S.A.,$47.698,16/09/2020,27,Formosa,Argentina
P00146,Eduardo Reyes S.A.,Eduardo Reyes,20-56789012-5,Tecnología,2,Eduardo Reyes,eduardo.reyes@empresa.jkl,0345-6789,S.A.,$298.913,7/11/2020,27,Formosa,Argentina
P00146,Eduardo Reyes S.A.,Eduardo Reyes,20-56789012-5,Tecnología,2,Eduardo Reyes,eduardo.reyes@empresa.jkl,0345-6789,S.A.,$11.442,19/02/2021,27,Formosa,Argentina
P00146,Eduardo Reyes S.A.,Eduardo Reyes,20-56789012-5,Tecnología,2,Eduardo Reyes,eduardo.reyes@empresa.jkl,0345-6789,S.A.,$183.119,04/02/2021,27,Formosa,Argentina
P00146,Eduardo Reyes S.A.,Eduardo Reyes,20-56789012-5,Tecnología,2,Eduardo Reyes,eduardo.reyes@empresa.jkl,0345-6789,S.A.,$229.698,4/10/2022,27,Formosa,Argentina
P00147,Laura Castillo S.R.L.,Laura Castillo,30-67890123-6,Energía Solar,4,Laura Castillo,laura.castillo@empresa.mno,0456-7890,S.R.L.,$195.892,20/03/2020,19,Santiago del Estero,Argentina
P00147,Laura Castillo S.R.L.,Laura Castillo,30-67890123-6,Energía Solar,4,Laura Castillo,laura.castillo@empresa.mno,0456-7890,S.R.L.,$113.452,19/06/2020,19,Santiago del Estero,Argentina
P00147,Laura Castillo S.R.L.,Laura Castillo,30-67890123-6,Energía Solar,4,Laura Castillo,laura.castillo@empresa.mno,0456-7890,S.R.L.,$20.782,19/09/2020,19,Santiago del Estero,Argentina
P00147,Laura Castillo S.R.L.,Laura Castillo,30-67890123-6,Energía Solar,4,Laura Castillo,laura.castillo@empresa.mno,0456-7890,S.R.L.,$10.509,10/11/2020,19,Santiago del Estero,Argentina
P00147,Laura Castillo S.R.L.,Laura Castillo,30-67890123-6,Energía Solar,4,Laura Castillo,laura.castillo@empresa.mno,0456-7890,S.R.L.,$10.587,22/02/2021,19,Santiago del Estero,Argentina
P00147,Laura Castillo S.R.L.,Laura Castillo,30-67890123-6,Energía Solar,4,Laura Castillo,laura.castillo@empresa.mno,0456-7890,S.R.L.,$202.693,07/02/2021,19,Santiago del Estero,Argentina
P00147,Laura Castillo S.R.L.,Laura Castillo,30-67890123-6,Energía Solar,4,Laura Castillo,laura.castillo@empresa.mno,0456-7890,S.R.L.,$102.297,7/10/2022,19,Santiago del Estero,Argentina
P00148,Alejandro Rivas S.A.,Alejandro Rivas,27-78901234-9,Transporte,2,Alejandro Rivas,alejandro.rivas@empresa.pqr,0567-8901,Sociedad Anónima,$108.357,23/03/2020,20,Río Cuarto,Argentina
P00148,Alejandro Rivas S.A.,Alejandro Rivas,27-78901234-9,Transporte,2,Alejandro Rivas,alejandro.rivas@empresa.pqr,0567-8901,Sociedad Anónima,$280.161,22/06/2020,20,Río Cuarto,Argentina
P00148,Alejandro Rivas S.A.,Alejandro Rivas,27-78901234-9,Transporte,2,Alejandro Rivas,alejandro.rivas@empresa.pqr,0567-8901,Sociedad Anónima,$138.216,22/09/2020,20,Río Cuarto,Argentina
P00148,Alejandro Rivas S.A.,Alejandro Rivas,27-78901234-9,Transporte,2,Alejandro Rivas,alejandro.rivas@empresa.pqr,0567-8901,Sociedad Anónima,$239.084,13/11/2020,20,Río Cuarto,Argentina
P00148,Alejandro Rivas S.A.,Alejandro Rivas,27-78901234-9,Transporte,2,Alejandro Rivas,alejandro.rivas@empresa.pqr,0567-8901,Sociedad Anónima,$13.020,25/02/2021,20,Río Cuarto,Argentina
P00148,Alejandro Rivas S.A.,Alejandro Rivas,27-78901234-9,Transporte,2,Alejandro Rivas,alejandro.rivas@empresa.pqr,0567-8901,Sociedad Anónima,$26.156,10/02/2021,20,Río Cuarto,Argentina
P00148,Alejandro Rivas S.A.,Alejandro Rivas,27-78901234-9,Transporte,2,Alejandro Rivas,alejandro.rivas@empresa.pqr,0567-8901,Sociedad Anónima,$24.358,10/10/2022,20,Río Cuarto,Argentina
P00149,Verónica Martínez S.R.L.,Verónica Martínez,23-89012346-2,Construcción,4,Verónica Martínez,veronica.martinez@empresa.stu,0678-9012,S.R.L.,$221.537,26/03/2020,38,Buenos Aires,Argentina
P00149,Verónica Martínez S.R.L.,Verónica Martínez,23-89012346-2,Construcción,4,Verónica Martínez,veronica.martinez@empresa.stu,0678-9012,S.R.L.,$164.567,25/06/2020,38,Buenos Aires,Argentina
P00149,Verónica Martínez S.R.L.,Verónica Martínez,23-89012346-2,Construcción,4,Verónica Martínez,veronica.martinez@empresa.stu,0678-9012,S.R.L.,$91.071,25/09/2020,38,Buenos Aires,Argentina
P00149,Verónica Martínez S.R.L.,Verónica Martínez,23-89012346-2,Construcción,4,Verónica Martínez,veronica.martinez@empresa.stu,0678-9012,S.R.L.,$98.759,16/11/2020,38,Buenos Aires,Argentina
P00149,Verónica Martínez S.R.L.,Verónica Martínez,23-89012346-2,Construcción,4,Verónica Martínez,veronica.martinez@empresa.stu,0678-9012,S.R.L.,$217.800,28/02/2021,38,Buenos Aires,Argentina
P00149,Verónica Martínez S.R.L.,Verónica Martínez,23-89012346-2,Construcción,4,Verónica Martínez,veronica.martinez@empresa.stu,0678-9012,S.R.L.,$295.351,13/02/2021,38,Buenos Aires,Argentina
P00149,Verónica Martínez S.R.L.,Verónica Martínez,23-89012346-2,Construcción,4,Verónica Martínez,veronica.martinez@empresa.stu,0678-9012,S.R.L.,$165.797,13/10/2022,38,Buenos Aires,Argentina
P00150,Gabriel López Cooperativa,Gabriel López,33-90123456-3,Agroindustria,2,Gabriel López,gabriel.lopez@empresa.uvw,0789-0123,Cooperativa,$277.194,29/03/2020,25,Villa María,Argentina
P00150,Gabriel López Cooperativa,Gabriel López,33-90123456-3,Agroindustria,2,Gabriel López,gabriel.lopez@empresa.uvw,0789-0123,Cooperativa,$137.527,28/06/2020,25,Villa María,Argentina
P00150,Gabriel López Cooperativa,Gabriel López,33-90123456-3,Agroindustria,2,Gabriel López,gabriel.lopez@empresa.uvw,0789-0123,Cooperativa,$157.821,28/09/2020,25,Villa María,Argentina
P00150,Gabriel López Cooperativa,Gabriel López,33-90123456-3,Agroindustria,2,Gabriel López,gabriel.lopez@empresa.uvw,0789-0123,Cooperativa,$22.735,19/11/2020,25,Villa María,Argentina
P00150,Gabriel López Cooperativa,Gabriel López,33-90123456-3,Agroindustria,2,Gabriel López,gabriel.lopez@empresa.uvw,0789-0123,Cooperativa,$268.049,01/03/2021,25,Villa María,Argentina
P00150,Gabriel López Cooperativa,Gabriel López,33-90123456-3,Agroindustria,2,Gabriel López,gabriel.lopez@empresa.uvw,0789-0123,Cooperativa,$195.051,16/02/2021,25,Villa María,Argentina
P00150,Gabriel López Cooperativa,Gabriel López,33-90123456-3,Agroindustria,2,Gabriel López,gabriel.lopez@empresa.uvw,0789-0123,Cooperativa,$260.964,16/10/2022,25,Villa María,Argentina